timestamp,percent_included
0,0.0
1,0.0
2,0.0
3,0.0
4,0.0
5,0.0
6,0.0
7,0.0
8,0.0
9,0.0
10,0.0
11,0.0
12,0.0
13,0.0
14,0.0
15,0.0
16,0.0
17,0.0
18,0.0
19,0.0
20,0.0
21,0.0
22,0.0
23,0.0
24,0.0
25,0.0
26,0.0
27,0.0
28,0.0
29,0.0
30,0.0
31,0.0
32,0.0
33,0.0
34,0.0
35,0.0
36,0.0
37,0.0
38,0.0
39,0.0
40,0.0
41,0.0
42,0.0
43,0.0
44,0.0
45,0.0
46,0.0
47,0.0
48,0.0
49,0.0
50,0.0
51,0.0
52,0.0
53,0.0
54,0.0
55,0.0
56,0.0
57,0.0
58,0.0
59,0.0
60,0.0
61,0.0
62,0.0
63,0.0
64,0.0
65,0.0
66,0.0
67,0.0
68,0.0
69,0.0
70,0.0
71,0.0
72,0.0
73,0.0
74,0.0
75,0.0
76,0.0
77,0.0
78,0.0
79,0.0
80,0.0
81,0.0
82,0.0
83,0.0
84,0.0
85,0.0
86,0.0
87,0.0
88,0.0
89,0.0
90,0.0
91,0.0
92,0.0
93,0.0
94,0.0
95,0.0
96,0.0
97,0.0
98,0.0
99,0.0
100,0.0
101,0.0
102,0.0
103,0.0
104,0.0
105,0.0
106,0.0
107,0.0
108,0.0
109,0.0
110,0.0
111,0.0
112,0.0
113,0.0
114,0.0
115,0.0
116,0.0
117,0.0
118,0.0
119,0.0
120,0.0
121,0.0
122,0.0
123,0.0
124,0.0
125,0.0
126,0.0
127,0.0
128,0.0
129,0.0
130,0.0
131,0.0
132,0.0
133,0.0
134,0.0
135,0.0
136,0.0
137,0.0
138,0.0
139,0.0
140,0.0
141,0.0
142,0.0
143,0.0
144,0.0
145,0.0
146,0.0
147,0.0
148,0.0
149,0.0
150,0.0
151,0.0
152,0.0
153,0.0
154,0.0
155,0.0
156,0.0
157,0.0
158,0.0
159,0.0
160,0.0
161,0.0
162,0.0
163,0.0
164,0.0
165,0.0
166,0.0
167,0.0
168,0.0
169,0.0
170,0.0
171,0.0
172,0.0
173,0.0
174,0.0
175,0.0
176,0.0
177,0.0
178,0.0
179,0.0
180,0.0
181,0.0
182,0.0
183,0.0
184,0.0
185,0.0
186,0.0
187,0.0
188,0.0
189,0.0
190,0.0
191,0.0
192,0.0
193,0.0
194,0.0
195,0.0
196,0.0
197,0.0
198,0.0
199,0.0
200,0.0
201,0.0
202,0.0
203,0.0
204,0.0
205,0.0
206,0.0
207,0.0
208,0.0
209,0.0
210,0.0
211,0.0
212,0.0
213,0.0
214,0.0
215,0.0
216,0.0
217,0.0
218,0.0
219,0.0
220,0.0
221,0.0
222,0.0
223,0.0
224,0.0
225,0.0
226,0.0
227,0.0
228,0.0
229,0.0
230,0.0
231,0.0
232,0.0
233,0.0
234,0.0
235,0.0
236,0.0
237,0.0
238,0.0
239,0.0
240,0.0
241,0.0
242,0.0
243,0.0
244,0.0
245,0.0
246,0.0
247,0.0
248,0.0
249,0.0
250,0.0
251,0.0
252,0.0
253,0.0
254,0.0
255,0.0
256,0.0
257,0.0
258,0.0
259,0.0
260,0.0
261,0.0
262,0.0
263,0.0
264,0.0
265,0.0
266,0.0
267,0.0
268,0.0
269,0.0
270,0.0
271,0.0
272,0.0
273,0.0
274,0.0
275,0.0
276,0.0
277,0.0
278,0.0
279,0.0
280,0.0
281,0.0
282,0.0
283,0.0
284,0.0
285,0.0
286,0.0
287,0.0
288,0.0
289,0.0
290,0.0
291,0.0
292,0.0
293,0.0
294,0.0
295,0.0
296,0.0
297,0.0
298,0.0
299,0.0
300,0.0
301,0.0
302,0.0
303,0.0
304,0.0
305,0.0
306,0.0
307,0.0
308,0.0
309,0.0
310,0.0
311,0.0
312,0.0
313,0.0
314,0.0
315,0.0
316,0.0
317,0.0
318,0.0
319,0.0
320,0.0
321,0.0
322,0.0
323,0.0
324,0.0
325,0.0
326,0.0
327,0.0
328,0.0
329,0.0
330,0.0
331,0.0
332,0.0
333,0.0
334,0.0
335,0.0
336,0.0
337,0.0
338,0.0
339,0.0
340,0.0
341,0.0
342,0.0
343,0.0
344,0.0
345,0.0
346,0.0
347,0.0
348,0.0
349,0.0
350,0.0
351,0.0
352,0.0
353,0.0
354,0.0
355,0.0
356,0.0
357,0.0
358,0.0
359,0.0
360,0.0
361,0.0
362,0.0
363,0.0
364,0.0
365,0.0
366,0.0
367,0.0
368,0.0
369,0.0
370,0.0
371,0.0
372,0.0
373,0.0
374,0.0
375,0.0
376,0.0
377,0.0
378,0.0
379,0.0
380,0.0
381,0.0
382,0.0
383,0.0
384,0.0
385,0.0
386,0.0
387,0.0
388,0.0
389,0.0
390,0.0
391,0.0
392,0.0
393,0.0
394,0.0
395,0.0
396,0.0
397,0.0
398,0.0
399,0.0
400,0.0
401,0.0
402,0.0
403,0.0
404,0.0
405,0.0
406,0.0
407,0.0
408,0.0
409,0.0
410,0.0
411,0.0
412,0.0
413,0.0
414,0.0
415,0.0
416,0.0
417,0.0
418,0.0
419,0.0
420,0.0
421,0.0
422,0.0
423,0.0
424,0.0
425,0.0
426,0.0
427,0.0
428,0.0
429,0.0
430,0.0
431,0.0
432,0.0
433,0.0
434,0.0
435,0.0
436,0.0
437,0.0
438,0.0
439,0.0
440,0.0
441,0.0
442,0.0
443,0.0
444,0.0
445,0.0
446,0.0
447,0.0
448,0.0
449,0.0
450,0.0
451,0.0
452,0.0
453,0.0
454,0.0
455,0.0
456,0.0
457,0.0
458,0.0
459,0.0
460,0.0
461,0.0
462,0.0
463,0.0
464,0.0
465,0.0
466,0.0
467,0.0
468,0.0
469,0.0
470,0.0
471,0.0
472,0.0
473,0.0
474,0.0
475,0.0
476,0.0
477,0.0
478,0.0
479,0.0
480,0.0
481,0.0
482,0.0
483,0.0
484,0.0
485,0.0
486,0.0
487,0.0
488,0.0
489,0.0
490,0.0
491,0.0
492,0.0
493,0.0
494,0.0
495,0.0
496,0.0
497,0.0
498,0.0
499,0.0
500,0.0
501,0.0
502,0.0
503,0.0
504,0.0
505,0.0
506,0.0
507,0.0
508,0.0
509,0.0
510,0.0
511,0.0
512,0.0
513,0.0
514,0.0
515,0.0
516,0.0
517,0.0
518,0.0
519,0.0
520,0.0
521,0.0
522,0.0
523,0.0
524,0.0
525,0.0
526,0.0
527,0.0
528,0.0
529,0.0
530,0.0
531,0.0
532,0.0
533,0.0
534,0.0
535,0.0
536,0.0
537,0.0
538,0.0
539,0.0
540,0.0
541,0.0
542,0.0
543,0.0
544,0.0
545,0.0
546,0.0
547,0.0
548,0.0
549,0.0
550,0.0
551,0.0
552,0.0
553,0.0
554,0.0
555,0.0
556,0.0
557,0.0
558,0.0
559,0.0
560,0.0
561,0.0
562,0.0
563,0.0
564,0.0
565,0.0
566,0.0
567,0.0
568,0.0
569,0.0
570,0.0
571,0.0
572,0.0
573,0.0
574,0.0
575,0.0
576,0.0
577,0.0
578,0.0
579,0.0
580,0.0
581,0.0
582,0.0
583,0.0
584,0.0
585,0.0
586,0.0
587,0.0
588,0.0
589,0.0
590,0.0
591,0.0
592,0.0
593,0.0
594,0.0
595,0.0
596,0.0
597,0.0
598,0.0
599,0.0
600,0.0
601,0.0
602,0.0
603,0.0
604,0.0
605,0.0
606,0.0
607,0.0
608,0.0
609,0.0
610,0.0
611,0.0
612,0.0
613,0.0
614,0.0
615,0.0
616,0.0
617,0.0
618,0.0
619,0.0
620,0.0
621,0.0
622,0.0
623,0.0
624,0.0
625,0.0
626,0.0
627,0.0
628,0.0
629,0.0
630,0.0
631,0.0
632,0.0
633,0.0
634,0.0
635,0.0
636,0.0
637,0.0
638,0.0
639,0.0
640,0.0
641,0.0
642,0.0
643,0.0
644,0.0
645,0.0
646,0.0
647,0.0
648,0.0
649,0.0
650,0.0
651,0.0
652,0.0
653,0.0
654,0.0
655,0.0
656,0.0
657,0.0
658,0.0
659,0.0
660,0.0
661,0.0
662,0.0
663,0.0
664,0.0
665,0.0
666,0.0
667,0.0
668,0.0
669,0.0
670,0.0
671,0.0
672,0.0
673,0.0
674,0.0
675,0.0
676,0.0
677,0.0
678,0.0
679,0.0
680,0.0
681,0.0
682,0.0
683,0.0
684,0.0
685,0.0
686,0.0
687,0.0
688,0.0
689,0.0
690,0.0
691,0.0
692,0.0
693,0.0
694,0.0
695,0.0
696,0.0
697,0.0
698,0.0
699,0.0
700,0.0
701,0.0
702,0.0
703,0.0
704,0.0
705,0.0
706,0.0
707,0.0
708,0.0
709,0.0
710,0.0
711,0.0
712,0.0
713,0.0
714,0.0
715,0.0
716,0.0
717,0.0
718,0.0
719,0.0
720,0.0
721,0.0
722,0.0
723,0.0
724,0.0
725,0.0
726,0.0
727,0.0
728,0.0
729,0.0
730,0.0
731,0.0
732,0.0
733,0.0
734,0.0
735,0.0
736,0.0
737,0.0
738,0.0
739,0.0
740,0.0
741,0.0
742,0.0
743,0.0
744,0.0
745,0.0
746,0.0
747,0.0
748,0.0
749,0.0
750,0.0
751,0.0
752,0.0
753,0.0
754,0.0
755,0.0
756,0.0
757,0.0
758,0.0
759,0.0
760,0.0
761,0.0
762,0.0
763,0.0
764,0.0
765,0.0
766,0.0
767,0.0
768,0.0
769,0.0
770,0.0
771,0.0
772,0.0
773,0.0
774,0.0
775,0.0
776,0.0
777,0.0
778,0.0
779,0.0
780,0.0
781,0.0
782,0.0
783,0.0
784,0.0
785,0.0
786,0.0
787,0.0
788,0.0
789,0.0
790,0.0
791,0.0
792,0.0
793,0.0
794,0.0
795,0.0
796,0.0
797,0.0
798,0.0
799,0.0
800,0.0
801,0.0
802,0.0
803,0.0
804,0.0
805,0.0
806,0.0
807,0.0
808,0.0
809,0.0
810,0.0
811,0.0
812,0.0
813,0.0
814,0.0
815,0.0
816,0.0
817,0.0
818,0.0
819,0.0
820,0.0
821,0.0
822,0.0
823,0.0
824,0.0
825,0.0
826,0.0
827,0.0
828,0.0
829,0.0
830,0.0
831,0.0
832,0.0
833,0.0
834,0.0
835,0.0
836,0.0
837,0.0
838,0.0
839,0.0
840,0.0
841,0.0
842,0.0
843,0.0
844,0.0
845,0.0
846,0.0
847,0.0
848,0.0
849,0.0
850,0.0
851,0.0
852,0.0
853,0.0
854,0.0
855,0.0
856,0.0
857,0.0
858,0.0
859,0.0
860,0.0
861,0.0
862,0.0
863,0.0
864,0.0
865,0.0
866,0.0
867,0.0
868,0.0
869,0.0
870,0.0
871,0.0
872,0.0
873,0.0
874,0.0
875,0.0
876,0.0
877,0.0
878,0.0
879,0.0
880,0.0
881,0.0
882,0.0
883,0.0
884,0.0
885,0.0
886,0.0
887,0.0
888,0.0
889,0.0
890,0.0
891,0.0
892,0.0
893,0.0
894,0.0
895,0.0
896,0.0
897,0.0
898,0.0
899,0.0
900,0.0
901,0.0
902,0.0
903,0.0
904,0.0
905,0.0
906,0.0
907,0.0
908,0.0
909,0.0
910,0.0
911,0.0
912,0.0
913,0.0
914,0.0
915,0.0
916,0.0
917,0.0
918,0.0
919,0.0
920,0.0
921,0.0
922,0.0
923,0.0
924,0.0
925,0.0
926,0.0
927,0.0
928,0.0
929,0.0
930,0.0
931,0.005555555555555556
932,0.005555555555555556
933,0.005555555555555556
934,0.005555555555555556
935,0.016666666666666666
936,0.022222222222222223
937,0.027777777777777776
938,0.03333333333333333
939,0.03888888888888889
940,0.05
941,0.08333333333333334
942,0.11666666666666668
943,0.14444444444444443
944,0.16666666666666669
945,0.17777777777777778
946,0.18888888888888888
947,0.19444444444444445
948,0.2
949,0.21666666666666665
950,0.23333333333333336
951,0.23888888888888887
952,0.25
953,0.3
954,0.31666666666666665
955,0.35555555555555557
956,0.3944444444444445
957,0.43888888888888894
958,0.5111111111111112
959,0.5833333333333334
960,0.6555555555555556
961,0.7166666666666667
962,0.7611111111111111
963,0.8166666666666665
964,0.8333333333333334
965,0.8888888888888888
966,0.9111111111111112
967,0.9277777777777777
968,0.9722222222222222
969,1.027777777777778
970,1.077777777777778
971,1.1055555555555556
972,1.1555555555555554
973,1.2166666666666666
974,1.2555555555555555
975,1.3055555555555556
976,1.411111111111111
977,1.4666666666666666
978,1.55
979,1.6
980,1.633333333333333
981,1.6777777777777776
982,1.7000000000000002
983,1.7277777777777776
984,1.7555555555555558
985,1.7722222222222221
986,1.8444444444444443
987,1.9
988,1.9333333333333333
989,1.9833333333333334
990,2.038888888888889
991,2.1055555555555556
992,2.172222222222222
993,2.2666666666666666
994,2.361111111111111
995,2.4055555555555554
996,2.477777777777778
997,2.4944444444444445
998,2.555555555555556
999,2.588888888888889
1000,2.6
1001,2.6277777777777778
1002,2.688888888888889
1003,2.7555555555555555
1004,2.7833333333333337
1005,2.822222222222222
1006,2.85
1007,2.905555555555556
1008,2.977777777777778
1009,3.0277777777777777
1010,3.1055555555555556
1011,3.183333333333333
1012,3.261111111111111
1013,3.2944444444444443
1014,3.3222222222222224
1015,3.361111111111111
1016,3.3888888888888893
1017,3.4277777777777776
1018,3.4333333333333336
1019,3.4833333333333334
1020,3.5611111111111113
1021,3.5944444444444446
1022,3.6277777777777778
1023,3.6944444444444446
1024,3.738888888888889
1025,3.811111111111111
1026,3.888888888888889
1027,4.0
1028,4.061111111111111
1029,4.116666666666666
1030,4.166666666666666
1031,4.177777777777777
1032,4.25
1033,4.261111111111111
1034,4.277777777777778
1035,4.316666666666666
1036,4.366666666666666
1037,4.416666666666667
1038,4.45
1039,4.5
1040,4.55
1041,4.6
1042,4.65
1043,4.75
1044,4.805555555555555
1045,4.894444444444444
1046,4.944444444444445
1047,4.988888888888889
1048,5.033333333333333
1049,5.055555555555555
1050,5.083333333333333
1051,5.116666666666666
1052,5.144444444444445
1053,5.188888888888889
1054,5.2555555555555555
1055,5.283333333333333
1056,5.333333333333334
1057,5.388888888888889
1058,5.455555555555556
1059,5.516666666666667
1060,5.611111111111111
1061,5.7
1062,5.761111111111111
1063,5.8277777777777775
1064,5.844444444444444
1065,5.883333333333334
1066,5.933333333333334
1067,5.944444444444445
1068,5.966666666666667
1069,6.022222222222222
1070,6.083333333333334
1071,6.105555555555556
1072,6.155555555555556
1073,6.183333333333333
1074,6.25
1075,6.288888888888888
1076,6.344444444444444
1077,6.438888888888888
1078,6.51111111111111
1079,6.588888888888889
1080,6.638888888888888
1081,6.683333333333333
1082,6.722222222222222
1083,6.7444444444444445
1084,6.772222222222222
1085,6.783333333333333
1086,6.816666666666666
1087,6.905555555555555
1088,6.950000000000001
1089,6.983333333333333
1090,7.044444444444445
1091,7.083333333333333
1092,7.155555555555555
1093,7.244444444444445
1094,7.333333333333333
1095,7.416666666666667
1096,7.466666666666668
1097,7.527777777777778
1098,7.53888888888889
1099,7.611111111111112
1100,7.627777777777778
1101,7.633333333333334
1102,7.677777777777778
1103,7.716666666666666
1104,7.777777777777778
1105,7.805555555555556
1106,7.855555555555556
1107,7.894444444444444
1108,7.944444444444445
1109,7.9944444444444445
1110,8.077777777777778
1111,8.144444444444444
1112,8.227777777777778
1113,8.288888888888888
1114,8.333333333333332
1115,8.377777777777778
1116,8.394444444444444
1117,8.427777777777777
1118,8.444444444444445
1119,8.46111111111111
1120,8.522222222222222
1121,8.594444444444445
1122,8.633333333333333
1123,8.672222222222222
1124,8.722222222222223
1125,8.78888888888889
1126,8.844444444444445
1127,8.93888888888889
1128,9.027777777777777
1129,9.11111111111111
1130,9.177777777777777
1131,9.2
1132,9.238888888888889
1133,9.288888888888888
1134,9.294444444444444
1135,9.305555555555555
1136,9.366666666666665
1137,9.427777777777777
1138,9.461111111111112
1139,9.505555555555556
1140,9.55
1141,9.6
1142,9.63888888888889
1143,9.700000000000001
1144,9.8
1145,9.877777777777778
1146,9.955555555555556
1147,10.0
1148,10.03888888888889
1149,10.077777777777778
1150,10.100000000000001
1151,10.116666666666667
1152,10.122222222222224
1153,10.161111111111111
1154,10.233333333333333
1155,10.299999999999999
1156,10.333333333333334
1157,10.38888888888889
1158,10.433333333333334
1159,10.5
1160,10.566666666666666
1161,10.666666666666668
1162,10.755555555555556
1163,10.816666666666666
1164,10.872222222222222
1165,10.888888888888888
1166,10.944444444444445
1167,10.961111111111112
1168,10.972222222222221
1169,11.027777777777779
1170,11.066666666666666
1171,11.127777777777778
1172,11.15
1173,11.216666666666667
1174,11.25
1175,11.277777777777779
1176,11.327777777777778
1177,11.416666666666666
1178,11.477777777777778
1179,11.566666666666666
1180,11.63888888888889
1181,11.683333333333334
1182,11.727777777777778
1183,11.75
1184,11.783333333333333
1185,11.799999999999999
1186,11.816666666666666
1187,11.86111111111111
1188,11.944444444444445
1189,11.977777777777778
1190,12.03888888888889
1191,12.077777777777778
1192,12.144444444444444
1193,12.18888888888889
1194,12.294444444444444
1195,12.383333333333333
1196,12.461111111111112
1197,12.522222222222224
1198,12.561111111111112
1199,12.6
1200,12.633333333333333
1201,12.63888888888889
1202,12.644444444444444
1203,12.716666666666669
1204,12.77222222222222
1205,12.816666666666668
1206,12.855555555555556
1207,12.894444444444444
1208,12.944444444444445
1209,12.966666666666669
1210,13.044444444444444
1211,13.133333333333333
1212,13.205555555555556
1213,13.283333333333333
1214,13.338888888888889
1215,13.377777777777776
1216,13.416666666666666
1217,13.444444444444445
1218,13.472222222222221
1219,13.483333333333333
1220,13.527777777777777
1221,13.572222222222221
1222,13.655555555555557
1223,13.672222222222222
1224,13.727777777777778
1225,13.783333333333333
1226,13.833333333333334
1227,13.927777777777777
1228,13.994444444444445
1229,14.099999999999998
1230,14.155555555555555
1231,14.222222222222221
1232,14.249999999999998
1233,14.294444444444446
1234,14.305555555555555
1235,14.316666666666666
1236,14.366666666666667
1237,14.405555555555555
1238,14.477777777777778
1239,14.505555555555555
1240,14.549999999999999
1241,14.58888888888889
1242,14.633333333333335
1243,14.683333333333334
1244,14.766666666666667
1245,14.833333333333334
1246,14.933333333333335
1247,15.0
1248,15.044444444444444
1249,15.072222222222223
1250,15.088888888888889
1251,15.127777777777778
1252,15.144444444444444
1253,15.161111111111111
1254,15.216666666666667
1255,15.294444444444444
1256,15.32777777777778
1257,15.372222222222224
1258,15.416666666666668
1259,15.488888888888889
1260,15.533333333333331
1261,15.633333333333333
1262,15.711111111111112
1263,15.794444444444444
1264,15.87222222222222
1265,15.911111111111111
1266,15.944444444444445
1267,15.977777777777776
1268,15.983333333333333
1269,15.988888888888889
1270,16.077777777777776
1271,16.127777777777776
1272,16.177777777777777
1273,16.22222222222222
1274,16.255555555555556
1275,16.3
1276,16.322222222222223
1277,16.377777777777776
1278,16.477777777777778
1279,16.55
1280,16.627777777777776
1281,16.68888888888889
1282,16.727777777777778
1283,16.755555555555556
1284,16.772222222222222
1285,16.816666666666666
1286,16.82777777777778
1287,16.87222222222222
1288,16.92222222222222
1289,17.0
1290,17.022222222222222
1291,17.07777777777778
1292,17.127777777777776
1293,17.194444444444446
1294,17.266666666666666
1295,17.33888888888889
1296,17.42222222222222
1297,17.505555555555556
1298,17.555555555555554
1299,17.59444444444444
1300,17.62777777777778
1301,17.644444444444442
1302,17.655555555555555
1303,17.716666666666665
1304,17.766666666666666
1305,17.83888888888889
1306,17.86111111111111
1307,17.905555555555555
1308,17.938888888888886
1309,17.977777777777778
1310,18.02777777777778
1311,18.099999999999998
1312,18.166666666666668
1313,18.272222222222222
1314,18.35
1315,18.38888888888889
1316,18.42777777777778
1317,18.45
1318,18.477777777777778
1319,18.494444444444444
1320,18.511111111111113
1321,18.555555555555557
1322,18.65
1323,18.677777777777777
1324,18.727777777777778
1325,18.755555555555556
1326,18.844444444444445
1327,18.88888888888889
1328,18.988888888888887
1329,19.066666666666666
1330,19.133333333333333
1331,19.211111111111112
1332,19.25
1333,19.294444444444444
1334,19.322222222222223
1335,19.333333333333332
1336,19.344444444444445
1337,19.427777777777777
1338,19.455555555555556
1339,19.52777777777778
1340,19.561111111111114
1341,19.594444444444445
1342,19.63888888888889
1343,19.666666666666664
1344,19.716666666666665
1345,19.805555555555557
1346,19.87222222222222
1347,19.955555555555556
1348,20.016666666666666
1349,20.066666666666666
1350,20.1
1351,20.116666666666667
1352,20.150000000000002
1353,20.16111111111111
1354,20.21111111111111
1355,20.244444444444447
1356,20.32777777777778
1357,20.355555555555554
1358,20.41111111111111
1359,20.477777777777778
1360,20.52777777777778
1361,20.61111111111111
1362,20.68888888888889
1363,20.766666666666666
1364,20.86111111111111
1365,20.922222222222224
1366,20.95
1367,21.0
1368,21.016666666666666
1369,21.022222222222222
1370,21.06111111111111
1371,21.122222222222224
1372,21.188888888888886
1373,21.21666666666667
1374,21.266666666666666
1375,21.294444444444444
1376,21.32777777777778
1377,21.372222222222224
1378,21.438888888888886
1379,21.516666666666666
1380,21.594444444444445
1381,21.67777777777778
1382,21.727777777777778
1383,21.766666666666666
1384,21.794444444444444
1385,21.816666666666666
1386,21.833333333333332
1387,21.86111111111111
1388,21.9
1389,21.983333333333334
1390,22.01666666666667
1391,22.055555555555557
1392,22.105555555555554
1393,22.177777777777777
1394,22.233333333333334
1395,22.316666666666666
1396,22.394444444444446
1397,22.466666666666665
1398,22.55
1399,22.594444444444445
1400,22.62222222222222
1401,22.66111111111111
1402,22.67222222222222
1403,22.677777777777777
1404,22.73888888888889
1405,22.78333333333333
1406,22.866666666666667
1407,22.91111111111111
1408,22.944444444444446
1409,22.98888888888889
1410,23.016666666666666
1411,23.066666666666666
1412,23.133333333333333
1413,23.22222222222222
1414,23.294444444444444
1415,23.377777777777776
1416,23.427777777777777
1417,23.466666666666665
1418,23.48888888888889
1419,23.516666666666666
1420,23.52777777777778
1421,23.549999999999997
1422,23.61111111111111
1423,23.68888888888889
1424,23.711111111111112
1425,23.76111111111111
1426,23.816666666666666
1427,23.87777777777778
1428,23.95
1429,24.022222222222222
1430,24.099999999999998
1431,24.177777777777777
1432,24.255555555555556
1433,24.288888888888888
1434,24.32777777777778
1435,24.36111111111111
1436,24.366666666666667
1437,24.405555555555555
1438,24.444444444444443
1439,24.511111111111113
1440,24.55
1441,24.605555555555554
1442,24.633333333333333
1443,24.683333333333334
1444,24.72222222222222
1445,24.77777777777778
1446,24.85
1447,24.933333333333334
1448,25.005555555555553
1449,25.055555555555554
1450,25.105555555555554
1451,25.133333333333336
1452,25.15
1453,25.177777777777777
1454,25.194444444444446
1455,25.25
1456,25.327777777777776
1457,25.372222222222224
1458,25.4
1459,25.45
1460,25.516666666666666
1461,25.577777777777776
1462,25.666666666666664
1463,25.727777777777778
1464,25.822222222222223
1465,25.894444444444442
1466,25.955555555555556
1467,26.005555555555553
1468,26.04444444444444
1469,26.05
1470,26.055555555555554
1471,26.1
1472,26.150000000000002
1473,26.222222222222225
1474,26.261111111111113
1475,26.3
1476,26.32777777777778
1477,26.377777777777776
1478,26.422222222222224
1479,26.477777777777778
1480,26.555555555555554
1481,26.627777777777776
1482,26.711111111111112
1483,26.755555555555553
1484,26.805555555555554
1485,26.833333333333332
1486,26.866666666666667
1487,26.87222222222222
1488,26.894444444444442
1489,26.950000000000003
1490,27.03333333333333
1491,27.055555555555554
1492,27.111111111111114
1493,27.17222222222222
1494,27.22222222222222
1495,27.28888888888889
1496,27.344444444444445
1497,27.42222222222222
1498,27.51111111111111
1499,27.57222222222222
1500,27.616666666666667
1501,27.677777777777777
1502,27.705555555555556
1503,27.71111111111111
1504,27.750000000000004
1505,27.78333333333333
1506,27.855555555555554
1507,27.911111111111108
1508,27.96666666666667
1509,27.98888888888889
1510,28.022222222222222
1511,28.06111111111111
1512,28.111111111111107
1513,28.183333333333334
1514,28.28333333333333
1515,28.349999999999998
1516,28.416666666666668
1517,28.483333333333334
1518,28.505555555555556
1519,28.52777777777778
1520,28.555555555555557
1521,28.566666666666666
1522,28.61111111111111
1523,28.683333333333334
1524,28.72777777777778
1525,28.76666666666667
1526,28.805555555555557
1527,28.87222222222222
1528,28.92777777777778
1529,28.999999999999996
1530,29.049999999999997
1531,29.15555555555556
1532,29.22777777777778
1533,29.288888888888888
1534,29.333333333333332
1535,29.383333333333333
1536,29.388888888888886
1537,29.394444444444446
1538,29.433333333333334
1539,29.483333333333334
1540,29.544444444444444
1541,29.599999999999998
1542,29.644444444444446
1543,29.666666666666668
1544,29.705555555555556
1545,29.744444444444447
1546,29.799999999999997
1547,29.894444444444446
1548,29.955555555555556
1549,30.044444444444444
1550,30.099999999999998
1551,30.15
1552,30.177777777777777
1553,30.227777777777774
1554,30.233333333333334
1555,30.25
1556,30.294444444444444
1557,30.383333333333333
1558,30.422222222222224
1559,30.47222222222222
1560,30.511111111111113
1561,30.577777777777776
1562,30.627777777777776
1563,30.683333333333334
1564,30.766666666666666
1565,30.855555555555558
1566,30.933333333333334
1567,30.988888888888887
1568,31.038888888888888
1569,31.072222222222223
1570,31.077777777777776
1571,31.105555555555554
1572,31.13888888888889
1573,31.2
1574,31.261111111111113
1575,31.305555555555554
1576,31.333333333333336
1577,31.372222222222224
1578,31.394444444444446
1579,31.45
1580,31.52777777777778
1581,31.627777777777776
1582,31.694444444444443
1583,31.761111111111113
1584,31.822222222222223
1585,31.84444444444444
1586,31.877777777777776
1587,31.905555555555555
1588,31.916666666666664
1589,31.955555555555552
1590,32.03333333333334
1591,32.083333333333336
1592,32.11666666666667
1593,32.166666666666664
1594,32.227777777777774
1595,32.28333333333334
1596,32.34444444444444
1597,32.388888888888886
1598,32.48888888888889
1599,32.55555555555556
1600,32.63888888888889
1601,32.68888888888889
1602,32.75
1603,32.75555555555555
1604,32.76111111111111
1605,32.800000000000004
1606,32.84444444444444
1607,32.916666666666664
1608,32.96666666666667
1609,33.00555555555555
1610,33.02777777777778
1611,33.06111111111111
1612,33.09444444444444
1613,33.16111111111111
1614,33.233333333333334
1615,33.31666666666667
1616,33.38888888888889
1617,33.45
1618,33.50555555555555
1619,33.544444444444444
1620,33.58888888888889
1621,33.6
1622,33.61666666666667
1623,33.666666666666664
1624,33.75
1625,33.78333333333333
1626,33.83333333333333
1627,33.87222222222222
1628,33.93333333333333
1629,33.988888888888894
1630,34.03888888888889
1631,34.09444444444444
1632,34.19444444444444
1633,34.28333333333333
1634,34.333333333333336
1635,34.394444444444446
1636,34.42777777777778
1637,34.43888888888889
1638,34.449999999999996
1639,34.5
1640,34.55
1641,34.61666666666667
1642,34.66666666666667
1643,34.68333333333333
1644,34.72222222222222
1645,34.75
1646,34.80555555555556
1647,34.87222222222222
1648,34.955555555555556
1649,35.02777777777778
1650,35.105555555555554
1651,35.18333333333333
1652,35.19444444444444
1653,35.24444444444445
1654,35.27777777777778
1655,35.288888888888884
1656,35.31666666666667
1657,35.388888888888886
1658,35.449999999999996
1659,35.483333333333334
1660,35.516666666666666
1661,35.57777777777778
1662,35.62222222222222
1663,35.69444444444444
1664,35.733333333333334
1665,35.81111111111111
1666,35.9
1667,35.98888888888889
1668,36.038888888888884
1669,36.09444444444445
1670,36.12222222222222
1671,36.12777777777777
1672,36.16111111111111
1673,36.21666666666667
1674,36.272222222222226
1675,36.333333333333336
1676,36.37222222222222
1677,36.394444444444446
1678,36.422222222222224
1679,36.47222222222222
1680,36.516666666666666
1681,36.577777777777776
1682,36.65555555555556
1683,36.75
1684,36.8
1685,36.87222222222222
1686,36.90555555555556
1687,36.95
1688,36.96111111111111
1689,36.977777777777774
1690,37.022222222222226
1691,37.09444444444445
1692,37.13333333333333
1693,37.172222222222224
1694,37.205555555555556
1695,37.28333333333333
1696,37.327777777777776
1697,37.37222222222222
1698,37.43333333333334
1699,37.522222222222226
1700,37.62222222222222
1701,37.68333333333334
1702,37.74444444444445
1703,37.794444444444444
1704,37.80555555555555
1705,37.833333333333336
1706,37.86666666666667
1707,37.922222222222224
1708,37.96666666666667
1709,38.02777777777778
1710,38.05555555555556
1711,38.09444444444444
1712,38.12777777777778
1713,38.16111111111111
1714,38.233333333333334
1715,38.3
1716,38.37222222222223
1717,38.461111111111116
1718,38.544444444444444
1719,38.55555555555556
1720,38.605555555555554
1721,38.638888888888886
1722,38.644444444444446
1723,38.67777777777778
1724,38.73888888888889
1725,38.80555555555556
1726,38.84444444444444
1727,38.87222222222223
1728,38.93888888888889
1729,38.97222222222222
1730,39.03333333333333
1731,39.07222222222222
1732,39.16111111111111
1733,39.25
1734,39.34444444444444
1735,39.38888888888889
1736,39.455555555555556
1737,39.483333333333334
1738,39.48888888888889
1739,39.516666666666666
1740,39.56666666666667
1741,39.62222222222222
1742,39.68333333333333
1743,39.72222222222222
1744,39.75
1745,39.77777777777778
1746,39.81666666666667
1747,39.861111111111114
1748,39.92777777777778
1749,40.011111111111106
1750,40.09444444444444
1751,40.15555555555556
1752,40.24444444444445
1753,40.27777777777778
1754,40.32222222222222
1755,40.327777777777776
1756,40.35
1757,40.38888888888889
1758,40.455555555555556
1759,40.49444444444445
1760,40.53333333333333
1761,40.56666666666667
1762,40.644444444444446
1763,40.68888888888889
1764,40.72222222222222
1765,40.78333333333333
1766,40.86111111111111
1767,40.97777777777778
1768,41.044444444444444
1769,41.105555555555554
1770,41.15555555555556
1771,41.16666666666667
1772,41.18888888888889
1773,41.22222222222222
1774,41.27777777777778
1775,41.32777777777778
1776,41.37222222222222
1777,41.41111111111111
1778,41.43888888888888
1779,41.47222222222222
1780,41.50555555555556
1781,41.583333333333336
1782,41.65555555555556
1783,41.71666666666667
1784,41.81666666666667
1785,41.9
1786,41.922222222222224
1787,41.97222222222222
1788,42.00555555555556
1789,42.01111111111111
1790,42.038888888888884
1791,42.08888888888889
1792,42.15
1793,42.19444444444444
1794,42.233333333333334
1795,42.28333333333333
1796,42.327777777777776
1797,42.37222222222222
1798,42.43333333333334
1799,42.50555555555556
1800,42.583333333333336
1801,42.68333333333334
1802,42.75
1803,42.81111111111111
1804,42.833333333333336
1805,42.855555555555554
1806,42.88333333333333
1807,42.92777777777778
1808,42.983333333333334
1809,43.038888888888884
1810,43.06666666666666
1811,43.10555555555556
1812,43.144444444444446
1813,43.172222222222224
1814,43.21666666666666
1815,43.28888888888889
1816,43.37777777777777
1817,43.44444444444445
1818,43.51111111111111
1819,43.59444444444445
1820,43.62777777777778
1821,43.68333333333334
1822,43.7
1823,43.71666666666666
1824,43.75
1825,43.8
1826,43.84444444444445
1827,43.894444444444446
1828,43.92777777777778
1829,44.0
1830,44.03333333333334
1831,44.077777777777776
1832,44.138888888888886
1833,44.21666666666667
1834,44.31111111111111
1835,44.39444444444444
1836,44.461111111111116
1837,44.50555555555555
1838,44.516666666666666
1839,44.544444444444444
1840,44.577777777777776
1841,44.62777777777778
1842,44.672222222222224
1843,44.71666666666667
1844,44.75
1845,44.794444444444444
1846,44.827777777777776
1847,44.861111111111114
1848,44.92777777777778
1849,45.016666666666666
1850,45.077777777777776
1851,45.144444444444446
1852,45.23888888888889
1853,45.27777777777778
1854,45.327777777777776
1855,45.37777777777778
1856,45.38888888888889
1857,45.40555555555555
1858,45.44444444444444
1859,45.5
1860,45.56111111111111
1861,45.6
1862,45.63333333333333
1863,45.68888888888889
1864,45.73888888888889
1865,45.78888888888889
1866,45.87222222222222
1867,45.95
1868,46.050000000000004
1869,46.111111111111114
1870,46.17222222222222
1871,46.2
1872,46.22222222222222
1873,46.25555555555555
1874,46.28888888888889
1875,46.327777777777776
1876,46.38888888888889
1877,46.41111111111111
1878,46.44444444444444
1879,46.488888888888894
1880,46.53333333333333
1881,46.577777777777776
1882,46.644444444444446
1883,46.733333333333334
1884,46.78333333333333
1885,46.855555555555554
1886,46.949999999999996
1887,46.97222222222222
1888,47.03333333333333
1889,47.05555555555556
1890,47.07777777777778
1891,47.099999999999994
1892,47.13888888888889
1893,47.18888888888889
1894,47.25555555555555
1895,47.294444444444444
1896,47.36111111111111
1897,47.38888888888889
1898,47.43888888888889
1899,47.50555555555556
1900,47.57222222222222
1901,47.672222222222224
1902,47.75
1903,47.80555555555556
1904,47.86111111111111
1905,47.87222222222222
1906,47.90555555555556
1907,47.94444444444444
1908,47.97777777777778
1909,48.044444444444444
1910,48.08888888888889
1911,48.11666666666667
1912,48.15
1913,48.18333333333334
1914,48.21666666666667
1915,48.288888888888884
1916,48.37222222222222
1917,48.455555555555556
1918,48.52777777777778
1919,48.61111111111111
1920,48.66666666666667
1921,48.705555555555556
1922,48.75555555555556
1923,48.76111111111111
1924,48.77777777777778
1925,48.80555555555556
1926,48.85
1927,48.91111111111111
1928,48.949999999999996
1929,49.0
1930,49.05
1931,49.08888888888889
1932,49.144444444444446
1933,49.22222222222222
1934,49.294444444444444
1935,49.4
1936,49.45
1937,49.516666666666666
1938,49.544444444444444
1939,49.56666666666666
1940,49.6
1941,49.638888888888886
1942,49.67777777777778
1943,49.73888888888889
1944,49.772222222222226
1945,49.81111111111111
1946,49.855555555555554
1947,49.9
1948,49.92777777777778
1949,49.983333333333334
1950,50.06111111111111
1951,50.144444444444446
1952,50.22222222222222
1953,50.31666666666666
1954,50.33888888888889
1955,50.4
1956,50.422222222222224
1957,50.44444444444445
1958,50.455555555555556
1959,50.488888888888894
1960,50.53888888888889
1961,50.61111111111111
1962,50.64999999999999
1963,50.7
1964,50.73888888888889
1965,50.78333333333334
1966,50.84444444444445
1967,50.916666666666664
1968,51.027777777777786
1969,51.11111111111111
1970,51.17222222222222
1971,51.22222222222222
1972,51.22777777777778
1973,51.26111111111111
1974,51.31111111111111
1975,51.33333333333333
1976,51.37222222222222
1977,51.44444444444445
1978,51.46666666666667
1979,51.511111111111106
1980,51.55
1981,51.583333333333336
1982,51.62777777777777
1983,51.7
1984,51.794444444444444
1985,51.87777777777778
1986,51.949999999999996
1987,52.011111111111106
1988,52.05
1989,52.1
1990,52.11111111111111
1991,52.13333333333333
1992,52.15555555555555
1993,52.21111111111111
1994,52.26111111111111
1995,52.30555555555556
1996,52.361111111111114
1997,52.394444444444446
1998,52.422222222222224
1999,52.483333333333334
2000,52.54444444444445
2001,52.62222222222223
2002,52.738888888888894
2003,52.800000000000004
2004,52.861111111111114
2005,52.894444444444446
2006,52.91111111111111
2007,52.961111111111116
2008,52.99444444444445
2009,53.022222222222226
2010,53.08888888888889
2011,53.11666666666667
2012,53.15
2013,53.2
2014,53.25
2015,53.27222222222222
2016,53.333333333333336
2017,53.41111111111111
2018,53.511111111111106
2019,53.58888888888889
2020,53.66111111111111
2021,53.70555555555555
2022,53.75555555555556
2023,53.788888888888884
2024,53.80555555555555
2025,53.833333333333336
2026,53.861111111111114
2027,53.90555555555555
2028,53.955555555555556
2029,54.016666666666666
2030,54.06666666666666
2031,54.1
2032,54.13333333333333
2033,54.19444444444444
2034,54.26111111111111
2035,54.37222222222222
2036,54.449999999999996
2037,54.516666666666666
2038,54.55555555555556
2039,54.57777777777778
2040,54.61111111111111
2041,54.66111111111112
2042,54.68333333333333
2043,54.71666666666667
2044,54.794444444444444
2045,54.81111111111111
2046,54.86666666666666
2047,54.900000000000006
2048,54.94444444444444
2049,54.97222222222222
2050,55.03333333333333
2051,55.13888888888889
2052,55.21111111111111
2053,55.288888888888884
2054,55.36666666666667
2055,55.394444444444446
2056,55.45
2057,55.46666666666666
2058,55.49444444444445
2059,55.51666666666667
2060,55.55
2061,55.58888888888889
2062,55.65
2063,55.705555555555556
2064,55.75
2065,55.78333333333333
2066,55.833333333333336
2067,55.888888888888886
2068,55.95
2069,56.08333333333333
2070,56.15555555555556
2071,56.21666666666667
2072,56.25
2073,56.272222222222226
2074,56.322222222222216
2075,56.37222222222222
2076,56.394444444444446
2077,56.44444444444444
2078,56.48333333333333
2079,56.52222222222222
2080,56.57777777777778
2081,56.616666666666674
2082,56.63888888888889
2083,56.68888888888889
2084,56.772222222222226
2085,56.85
2086,56.93333333333334
2087,57.01111111111111
2088,57.05
2089,57.099999999999994
2090,57.13333333333333
2091,57.15555555555556
2092,57.177777777777784
2093,57.205555555555556
2094,57.233333333333334
2095,57.3
2096,57.34444444444444
2097,57.40555555555555
2098,57.45
2099,57.483333333333334
2100,57.53333333333334
2101,57.599999999999994
2102,57.67777777777777
2103,57.79444444444445
2104,57.86111111111111
2105,57.91666666666667
2106,57.93888888888888
2107,57.96111111111111
2108,58.02222222222222
2109,58.044444444444444
2110,58.07222222222222
2111,58.15555555555556
2112,58.17777777777777
2113,58.233333333333334
2114,58.25555555555556
2115,58.30555555555556
2116,58.333333333333336
2117,58.4
2118,58.49444444444445
2119,58.56666666666667
2120,58.650000000000006
2121,58.71666666666666
2122,58.761111111111106
2123,58.827777777777776
2124,58.84444444444444
2125,58.85555555555556
2126,58.87777777777777
2127,58.9
2128,58.92777777777778
2129,59.01111111111111
2130,59.077777777777776
2131,59.12222222222222
2132,59.15555555555555
2133,59.19444444444445
2134,59.23888888888889
2135,59.3
2136,59.41111111111111
2137,59.49444444444445
2138,59.56666666666667
2139,59.605555555555554
2140,59.62777777777778
2141,59.66666666666667
2142,59.705555555555556
2143,59.73333333333334
2144,59.77777777777777
2145,59.82777777777778
2146,59.86666666666667
2147,59.93333333333334
2148,59.97222222222223
2149,59.99444444444444
2150,60.02777777777778
2151,60.12777777777778
2152,60.19444444444444
2153,60.28888888888889
2154,60.36111111111111
2155,60.41111111111112
2156,60.46666666666667
2157,60.5
2158,60.516666666666666
2159,60.538888888888884
2160,60.57222222222223
2161,60.605555555555554
2162,60.644444444444446
2163,60.705555555555556
2164,60.772222222222226
2165,60.81666666666666
2166,60.85
2167,60.90555555555556
2168,60.95555555555555
2169,61.03333333333333
2170,61.15555555555555
2171,61.23333333333333
2172,61.27222222222222
2173,61.3
2174,61.32777777777778
2175,61.355555555555554
2176,61.38333333333333
2177,61.416666666666664
2178,61.49444444444444
2179,61.516666666666666
2180,61.577777777777776
2181,61.61666666666667
2182,61.66111111111111
2183,61.68333333333334
2184,61.75000000000001
2185,61.84444444444445
2186,61.911111111111104
2187,61.988888888888894
2188,62.072222222222216
2189,62.11666666666667
2190,62.16666666666667
2191,62.19444444444444
2192,62.21111111111111
2193,62.23333333333333
2194,62.27222222222222
2195,62.294444444444444
2196,62.361111111111114
2197,62.427777777777784
2198,62.46666666666667
2199,62.49444444444444
2200,62.53333333333333
2201,62.60555555555556
2202,62.64999999999999
2203,62.76666666666667
2204,62.855555555555554
2205,62.911111111111104
2206,62.949999999999996
2207,62.988888888888894
2208,63.016666666666666
2209,63.06111111111111
2210,63.088888888888896
2211,63.12777777777778
2212,63.17777777777778
2213,63.22222222222222
2214,63.27777777777778
2215,63.31666666666666
2216,63.349999999999994
2217,63.394444444444446
2218,63.49444444444444
2219,63.56111111111111
2220,63.65555555555555
2221,63.72777777777778
2222,63.78333333333334
2223,63.82222222222222
2224,63.861111111111114
2225,63.87222222222222
2226,63.888888888888886
2227,63.92777777777777
2228,63.955555555555556
2229,64.00555555555556
2230,64.06666666666668
2231,64.11666666666666
2232,64.16111111111111
2233,64.18888888888888
2234,64.24444444444445
2235,64.30555555555556
2236,64.37777777777778
2237,64.49444444444444
2238,64.56111111111112
2239,64.61111111111111
2240,64.65555555555555
2241,64.68333333333334
2242,64.72222222222223
2243,64.75555555555556
2244,64.78888888888889
2245,64.85555555555555
2246,64.87777777777778
2247,64.94444444444444
2248,64.97222222222221
2249,65.02222222222223
2250,65.03888888888889
2251,65.09444444444445
2252,65.19444444444444
2253,65.27222222222223
2254,65.35555555555555
2255,65.42777777777778
2256,65.48333333333333
2257,65.52777777777777
2258,65.55555555555556
2259,65.56666666666666
2260,65.58888888888889
2261,65.62777777777778
2262,65.65555555555555
2263,65.71666666666667
2264,65.77222222222223
2265,65.81666666666666
2266,65.85
2267,65.88333333333334
2268,65.97222222222221
2269,66.02222222222223
2270,66.13333333333333
2271,66.20555555555555
2272,66.26666666666667
2273,66.31666666666666
2274,66.35
2275,66.37777777777778
2276,66.42222222222223
2277,66.44444444444444
2278,66.47777777777777
2279,66.53888888888889
2280,66.57777777777778
2281,66.63333333333334
2282,66.67777777777778
2283,66.7
2284,66.73333333333333
2285,66.82222222222222
2286,66.91111111111111
2287,66.99444444444444
2288,67.07777777777778
2289,67.14444444444445
2290,67.18888888888888
2291,67.22222222222223
2292,67.23333333333333
2293,67.26111111111112
2294,67.29444444444445
2295,67.32222222222222
2296,67.37777777777778
2297,67.42222222222222
2298,67.47777777777777
2299,67.51666666666667
2300,67.54444444444444
2301,67.60555555555555
2302,67.66666666666666
2303,67.7388888888889
2304,67.85555555555555
2305,67.92222222222222
2306,67.97777777777779
2307,68.01666666666667
2308,68.04444444444444
2309,68.08333333333333
2310,68.11666666666667
2311,68.13333333333334
2312,68.20555555555555
2313,68.22777777777777
2314,68.30555555555556
2315,68.33333333333333
2316,68.37222222222222
2317,68.39444444444445
2318,68.44444444444444
2319,68.53888888888889
2320,68.61111111111111
2321,68.68333333333332
2322,68.7611111111111
2323,68.82777777777778
2324,68.87222222222222
2325,68.88888888888889
2326,68.91666666666667
2327,68.94444444444444
2328,68.98333333333333
2329,69.0111111111111
2330,69.06666666666666
2331,69.12777777777778
2332,69.17777777777778
2333,69.19999999999999
2334,69.23333333333333
2335,69.31666666666668
2336,69.37222222222222
2337,69.47777777777779
2338,69.55
2339,69.63333333333334
2340,69.66666666666667
2341,69.71666666666667
2342,69.75
2343,69.78888888888889
2344,69.81111111111112
2345,69.84444444444445
2346,69.92222222222222
2347,69.95555555555556
2348,70.00555555555556
2349,70.04444444444444
2350,70.07222222222222
2351,70.10555555555555
2352,70.18888888888888
2353,70.2611111111111
2354,70.34444444444445
2355,70.40555555555555
2356,70.47222222222223
2357,70.52777777777777
2358,70.5611111111111
2359,70.58888888888889
2360,70.61666666666667
2361,70.64444444444445
2362,70.67777777777778
2363,70.71666666666667
2364,70.77777777777777
2365,70.83888888888889
2366,70.88333333333333
2367,70.89999999999999
2368,70.93333333333334
2369,71.00555555555556
2370,71.08333333333333
2371,71.19444444444444
2372,71.24444444444444
2373,71.32222222222222
2374,71.36666666666667
2375,71.40555555555555
2376,71.43888888888888
2377,71.46111111111111
2378,71.47777777777777
2379,71.55555555555554
2380,71.58888888888889
2381,71.65
2382,71.68333333333334
2383,71.73888888888888
2384,71.7611111111111
2385,71.81111111111112
2386,71.90555555555555
2387,71.97777777777777
2388,72.05
2389,72.13333333333334
2390,72.1888888888889
2391,72.25
2392,72.27222222222223
2393,72.28333333333333
2394,72.31666666666666
2395,72.36111111111111
2396,72.38333333333333
2397,72.43333333333334
2398,72.5
2399,72.55555555555556
2400,72.57222222222222
2401,72.6
2402,72.67222222222223
2403,72.72777777777777
2404,72.80555555555556
2405,72.89999999999999
2406,72.97222222222223
2407,73.01666666666667
2408,73.06666666666666
2409,73.10555555555555
2410,73.13888888888889
2411,73.16666666666667
2412,73.2
2413,73.27777777777777
2414,73.29444444444444
2415,73.35000000000001
2416,73.4
2417,73.42777777777778
2418,73.45555555555555
2419,73.52777777777779
2420,73.58333333333333
2421,73.67222222222222
2422,73.73888888888888
2423,73.81666666666666
2424,73.87222222222222
2425,73.91111111111111
2426,73.94444444444444
2427,73.95555555555555
2428,73.99444444444444
2429,74.03333333333333
2430,74.06666666666666
2431,74.13333333333333
2432,74.19444444444444
2433,74.24444444444444
2434,74.25555555555555
2435,74.3
2436,74.36111111111111
2437,74.41666666666666
2438,74.53333333333333
2439,74.61666666666666
2440,74.69444444444444
2441,74.72777777777779
2442,74.78333333333333
2443,74.81666666666666
2444,74.84444444444445
2445,74.87222222222222
2446,74.92777777777778
2447,74.97222222222221
2448,75.01666666666667
2449,75.05555555555556
2450,75.09444444444443
2451,75.12222222222222
2452,75.18333333333334
2453,75.25555555555556
2454,75.32222222222222
2455,75.4
2456,75.47777777777777
2457,75.53888888888889
2458,75.59444444444445
2459,75.62777777777778
2460,75.63888888888889
2461,75.66666666666667
2462,75.70555555555556
2463,75.72777777777779
2464,75.76666666666667
2465,75.85555555555555
2466,75.91111111111111
2467,75.93333333333334
2468,75.96111111111111
2469,76.01666666666667
2470,76.06666666666668
2471,76.14444444444445
2472,76.2388888888889
2473,76.31666666666666
2474,76.36111111111111
2475,76.41111111111111
2476,76.45555555555555
2477,76.48888888888888
2478,76.52222222222223
2479,76.54444444444445
2480,76.61666666666666
2481,76.65555555555555
2482,76.71111111111111
2483,76.75555555555556
2484,76.78333333333333
2485,76.8111111111111
2486,76.88333333333334
2487,76.94444444444444
2488,77.02777777777777
2489,77.11111111111111
2490,77.18888888888888
2491,77.26666666666667
2492,77.29444444444444
2493,77.32777777777777
2494,77.35
2495,77.37777777777778
2496,77.41111111111111
2497,77.44444444444444
2498,77.49444444444444
2499,77.56666666666666
2500,77.60555555555555
2501,77.62222222222222
2502,77.66111111111111
2503,77.73333333333333
2504,77.77777777777779
2505,77.88888888888889
2506,77.96666666666667
2507,78.03333333333333
2508,78.07222222222222
2509,78.12777777777778
2510,78.16666666666666
2511,78.19444444444444
2512,78.22777777777777
2513,78.27222222222223
2514,78.3111111111111
2515,78.34444444444445
2516,78.4
2517,78.45555555555556
2518,78.46666666666667
2519,78.52222222222223
2520,78.59444444444445
2521,78.67777777777778
2522,78.75555555555556
2523,78.82777777777777
2524,78.88333333333334
2525,78.94444444444444
2526,78.97777777777777
2527,78.99444444444444
2528,79.02777777777777
2529,79.06666666666666
2530,79.07777777777778
2531,79.12222222222223
2532,79.20555555555555
2533,79.26111111111112
2534,79.28888888888889
2535,79.32222222222222
2536,79.38888888888889
2537,79.4388888888889
2538,79.50555555555555
2539,79.58333333333333
2540,79.67777777777778
2541,79.71666666666667
2542,79.77777777777779
2543,79.83333333333333
2544,79.87222222222222
2545,79.89444444444445
2546,79.92777777777778
2547,79.97777777777777
2548,80.0111111111111
2549,80.06111111111112
2550,80.11666666666667
2551,80.15555555555555
2552,80.16666666666666
2553,80.24444444444444
2554,80.30555555555556
2555,80.37222222222222
2556,80.45
2557,80.54444444444444
2558,80.60000000000001
2559,80.6388888888889
2560,80.67222222222222
2561,80.68888888888888
2562,80.72222222222221
2563,80.75
2564,80.77222222222223
2565,80.82222222222222
2566,80.90555555555555
2567,80.95
2568,80.97222222222223
2569,81.0111111111111
2570,81.08888888888889
2571,81.12222222222222
2572,81.22777777777777
2573,81.3
2574,81.38888888888889
2575,81.41666666666667
2576,81.47777777777779
2577,81.52222222222221
2578,81.55
2579,81.58333333333333
2580,81.61666666666667
2581,81.67777777777778
2582,81.70555555555555
2583,81.7611111111111
2584,81.82222222222222
2585,81.83333333333334
2586,81.87222222222222
2587,81.9388888888889
2588,82.0
2589,82.07777777777778
2590,82.16111111111111
2591,82.23333333333333
2592,82.29444444444445
2593,82.33333333333334
2594,82.36111111111111
2595,82.38888888888889
2596,82.42777777777778
2597,82.44444444444444
2598,82.47777777777779
2599,82.57222222222222
2600,82.61111111111111
2601,82.64444444444445
2602,82.67222222222223
2603,82.72222222222221
2604,82.79444444444445
2605,82.85
2606,82.92777777777778
2607,83.00555555555556
2608,83.0611111111111
2609,83.11666666666667
2610,83.17777777777778
2611,83.21111111111111
2612,83.23888888888888
2613,83.26666666666667
2614,83.32222222222222
2615,83.36111111111111
2616,83.40555555555555
2617,83.45
2618,83.5
2619,83.51666666666667
2620,83.58333333333333
2621,83.62777777777778
2622,83.70555555555555
2623,83.77222222222223
2624,83.87777777777778
2625,83.95555555555556
2626,83.99444444444445
2627,84.02777777777779
2628,84.04444444444444
2629,84.08333333333333
2630,84.11111111111111
2631,84.13888888888889
2632,84.18333333333334
2633,84.26666666666667
2634,84.3
2635,84.32222222222222
2636,84.35000000000001
2637,84.43888888888888
2638,84.47222222222223
2639,84.53888888888889
2640,84.62222222222222
2641,84.6888888888889
2642,84.73888888888888
2643,84.81666666666666
2644,84.86666666666667
2645,84.89444444444445
2646,84.92777777777778
2647,84.96666666666667
2648,85.02777777777779
2649,85.05
2650,85.11111111111111
2651,85.16666666666667
2652,85.1888888888889
2653,85.22777777777777
2654,85.29444444444444
2655,85.33333333333334
2656,85.39444444444445
2657,85.47222222222223
2658,85.58333333333333
2659,85.64444444444445
2660,85.67777777777778
2661,85.71111111111111
2662,85.72777777777777
2663,85.77777777777777
2664,85.79444444444444
2665,85.82777777777778
2666,85.89444444444445
2667,85.95
2668,85.97777777777777
2669,86.01111111111112
2670,86.05555555555556
2671,86.13333333333333
2672,86.16666666666667
2673,86.25555555555555
2674,86.33888888888889
2675,86.4
2676,86.46666666666667
2677,86.52222222222223
2678,86.56111111111112
2679,86.59444444444443
2680,86.62777777777778
2681,86.67222222222222
2682,86.7
2683,86.75555555555555
2684,86.80555555555556
2685,86.85555555555555
2686,86.87222222222222
2687,86.93888888888888
2688,86.9888888888889
2689,87.02777777777779
2690,87.08888888888889
2691,87.2
2692,87.27777777777777
2693,87.32777777777778
2694,87.37777777777778
2695,87.4
2696,87.43333333333332
2697,87.46666666666667
2698,87.4888888888889
2699,87.53333333333333
2700,87.6111111111111
2701,87.64999999999999
2702,87.67777777777778
2703,87.71111111111111
2704,87.78333333333333
2705,87.8111111111111
2706,87.87777777777778
2707,87.96666666666667
2708,88.04444444444445
2709,88.10555555555555
2710,88.16111111111111
2711,88.21666666666667
2712,88.23333333333333
2713,88.27777777777777
2714,88.32222222222222
2715,88.37222222222222
2716,88.38888888888889
2717,88.43888888888888
2718,88.50555555555556
2719,88.52777777777779
2720,88.56666666666668
2721,88.62222222222222
2722,88.66666666666667
2723,88.73333333333333
2724,88.8
2725,88.9
2726,89.00555555555556
2727,89.03888888888889
2728,89.07222222222222
2729,89.08888888888889
2730,89.12777777777777
2731,89.15555555555555
2732,89.18333333333334
2733,89.2388888888889
2734,89.3
2735,89.33888888888889
2736,89.37222222222222
2737,89.40555555555557
2738,89.47222222222221
2739,89.5111111111111
2740,89.59444444444445
2741,89.67777777777778
2742,89.74444444444445
2743,89.81666666666666
2744,89.86666666666666
2745,89.91111111111111
2746,89.94444444444444
2747,89.97222222222221
2748,90.0111111111111
2749,90.04444444444445
2750,90.08888888888889
2751,90.15555555555555
2752,90.20555555555556
2753,90.22222222222223
2754,90.26111111111112
2755,90.32222222222222
2756,90.36666666666666
2757,90.4388888888889
2758,90.52222222222223
2759,90.61111111111111
2760,90.67777777777778
2761,90.73333333333333
2762,90.75
2763,90.78888888888889
2764,90.81666666666666
2765,90.83333333333333
2766,90.88333333333334
2767,90.95
2768,90.98888888888888
2769,91.02222222222223
2770,91.05
2771,91.10000000000001
2772,91.14999999999999
2773,91.20555555555555
2774,91.28333333333333
2775,91.36111111111111
2776,91.44444444444444
2777,91.50555555555555
2778,91.57222222222222
2779,91.59444444444445
2780,91.63333333333334
2781,91.66666666666666
2782,91.72777777777777
2783,91.74444444444444
2784,91.78888888888889
2785,91.85555555555555
2786,91.88888888888889
2787,91.92222222222223
2788,91.98333333333333
2789,92.02222222222223
2790,92.08888888888889
2791,92.15
2792,92.2388888888889
2793,92.34444444444443
2794,92.38333333333333
2795,92.42222222222222
2796,92.43333333333334
2797,92.48333333333333
2798,92.50555555555555
2799,92.52222222222221
2800,92.57777777777778
2801,92.65
2802,92.68333333333332
2803,92.72222222222221
2804,92.75
2805,92.80555555555556
2806,92.84444444444443
2807,92.92777777777778
2808,92.99444444444444
2809,93.07222222222222
2810,93.14444444444445
2811,93.21111111111111
2812,93.26666666666667
2813,93.28888888888889
2814,93.32222222222222
2815,93.35
2816,93.39444444444445
2817,93.42222222222222
2818,93.49444444444444
2819,93.54444444444444
2820,93.5611111111111
2821,93.60000000000001
2822,93.65
2823,93.71111111111111
2824,93.78888888888889
2825,93.87222222222222
2826,93.95
2827,94.02222222222221
2828,94.07777777777778
2829,94.1
2830,94.13333333333334
2831,94.17777777777778
2832,94.19444444444444
2833,94.22222222222221
2834,94.28888888888889
2835,94.33888888888889
2836,94.37777777777778
2837,94.41111111111111
2838,94.4388888888889
2839,94.5
2840,94.55555555555556
2841,94.62777777777778
2842,94.71666666666667
2843,94.79444444444445
2844,94.86111111111111
2845,94.92777777777778
2846,94.95555555555556
2847,94.9888888888889
2848,95.02222222222223
2849,95.07222222222222
2850,95.09444444444445
2851,95.12777777777778
2852,95.18888888888888
2853,95.23333333333333
2854,95.26666666666667
2855,95.30555555555556
2856,95.36666666666666
2857,95.42777777777778
2858,95.47777777777777
2859,95.58888888888889
2860,95.67777777777778
2861,95.72222222222221
2862,95.7611111111111
2863,95.77222222222223
2864,95.82777777777778
2865,95.86111111111111
2866,95.87777777777777
2867,95.92222222222222
2868,95.9888888888889
2869,96.03333333333333
2870,96.0611111111111
2871,96.1
2872,96.15
2873,96.1888888888889
2874,96.27777777777777
2875,96.34444444444445
2876,96.40555555555555
2877,96.48333333333333
2878,96.55
2879,96.60555555555555
2880,96.63333333333334
2881,96.66666666666667
2882,96.70555555555555
2883,96.75
2884,96.77222222222223
2885,96.82222222222222
2886,96.88888888888889
2887,96.91111111111111
2888,96.94444444444444
2889,97.0
2890,97.05555555555556
2891,97.14444444444445
2892,97.22222222222221
2893,97.29444444444444
2894,97.37777777777778
2895,97.42777777777778
2896,97.46111111111111
2897,97.5
2898,97.53888888888889
2899,97.55555555555556
2900,97.58333333333333
2901,97.62777777777778
2902,97.67777777777778
2903,97.71666666666667
2904,97.75
2905,97.78888888888889
2906,97.84444444444445
2907,97.89999999999999
2908,97.97222222222223
2909,98.05555555555556
2910,98.12777777777778
2911,98.19444444444444
2912,98.24444444444444
2913,98.27777777777777
2914,98.32222222222222
2915,98.35555555555555
2916,98.39444444444445
2917,98.41666666666666
2918,98.45555555555555
2919,98.52222222222223
2920,98.57777777777777
2921,98.59444444444443
2922,98.65555555555555
2923,98.7
2924,98.77222222222221
2925,98.82222222222222
2926,98.90555555555555
2927,99.00555555555556
2928,99.05000000000001
2929,99.1
2930,99.12777777777778
2931,99.17777777777778
2932,99.21666666666667
2933,99.22222222222223
2934,99.26666666666667
2935,99.32222222222222
2936,99.36111111111111
2937,99.38333333333334
2938,99.41111111111111
2939,99.45
2940,99.48333333333333
2941,99.53888888888889
2942,99.58333333333333
2943,99.62222222222222
2944,99.67222222222222
2945,99.7388888888889
2946,99.76666666666667
2947,99.78888888888889
2948,99.82222222222222
2949,99.83333333333333
2950,99.85555555555555
2951,99.86111111111111
2952,99.90555555555557
2953,99.92222222222222
2954,99.93333333333332
2955,99.93888888888888
2956,99.95
2957,99.95
2958,99.96666666666667
2959,99.96666666666667
2960,99.98333333333333
2961,99.9888888888889
2962,99.9888888888889
2963,99.99444444444444
2964,99.99444444444444
2965,100.0
