Timestamp,Namespace,Pod,CPU(m),RAM(Mi)
2026-02-11 16:06:45,default,beacon-85cbbc7d7b-t2cbt,69,208
2026-02-11 16:06:45,default,el-584bddccc7-zndtx,7,41
2026-02-11 16:06:45,default,op-batcher-7ddcb69467-cvxjs,2,43
2026-02-11 16:06:45,default,op-geth-75f4676cdc-ffl7k,6,375
2026-02-11 16:06:45,default,op-node-58b7579566-2kvqz,29,153
2026-02-11 16:06:45,default,validator-5c45f686bc-xh52r,35,29
2026-02-11 16:06:45,testing,contender-85bb797bc8-t27wl,0,0
2026-02-11 16:06:55,default,beacon-85cbbc7d7b-t2cbt,91,208
2026-02-11 16:06:55,default,el-584bddccc7-zndtx,7,40
2026-02-11 16:06:55,default,op-batcher-7ddcb69467-cvxjs,3,43
2026-02-11 16:06:55,default,op-geth-75f4676cdc-ffl7k,6,375
2026-02-11 16:06:55,default,op-node-58b7579566-2kvqz,26,153
2026-02-11 16:06:55,default,validator-5c45f686bc-xh52r,40,29
2026-02-11 16:06:55,testing,contender-85bb797bc8-t27wl,2,1
2026-02-11 16:07:06,default,beacon-85cbbc7d7b-t2cbt,79,208
2026-02-11 16:07:06,default,el-584bddccc7-zndtx,8,39
2026-02-11 16:07:06,default,op-batcher-7ddcb69467-cvxjs,2,43
2026-02-11 16:07:06,default,op-geth-75f4676cdc-ffl7k,7,375
2026-02-11 16:07:06,default,op-node-58b7579566-2kvqz,21,153
2026-02-11 16:07:06,default,validator-5c45f686bc-xh52r,41,31
2026-02-11 16:07:06,testing,contender-85bb797bc8-t27wl,4,7
2026-02-11 16:07:16,default,beacon-85cbbc7d7b-t2cbt,79,208
2026-02-11 16:07:16,default,el-584bddccc7-zndtx,8,39
2026-02-11 16:07:16,default,op-batcher-7ddcb69467-cvxjs,2,43
2026-02-11 16:07:16,default,op-geth-75f4676cdc-ffl7k,7,375
2026-02-11 16:07:16,default,op-node-58b7579566-2kvqz,21,153
2026-02-11 16:07:16,default,validator-5c45f686bc-xh52r,41,31
2026-02-11 16:07:16,testing,contender-85bb797bc8-t27wl,4,7
2026-02-11 16:07:26,default,beacon-85cbbc7d7b-t2cbt,40,208
2026-02-11 16:07:26,default,el-584bddccc7-zndtx,9,40
2026-02-11 16:07:26,default,op-batcher-7ddcb69467-cvxjs,3,43
2026-02-11 16:07:26,default,op-geth-75f4676cdc-ffl7k,13,376
2026-02-11 16:07:26,default,op-node-58b7579566-2kvqz,27,153
2026-02-11 16:07:26,default,validator-5c45f686bc-xh52r,44,29
2026-02-11 16:07:26,testing,contender-85bb797bc8-t27wl,20,27
2026-02-11 16:07:36,default,beacon-85cbbc7d7b-t2cbt,81,208
2026-02-11 16:07:36,default,el-584bddccc7-zndtx,7,41
2026-02-11 16:07:36,default,op-batcher-7ddcb69467-cvxjs,2,43
2026-02-11 16:07:36,default,op-geth-75f4676cdc-ffl7k,10,376
2026-02-11 16:07:36,default,op-node-58b7579566-2kvqz,22,154
2026-02-11 16:07:36,default,validator-5c45f686bc-xh52r,38,28
2026-02-11 16:07:36,testing,contender-85bb797bc8-t27wl,8,11
2026-02-11 16:07:46,default,beacon-85cbbc7d7b-t2cbt,81,208
2026-02-11 16:07:46,default,el-584bddccc7-zndtx,7,41
2026-02-11 16:07:46,default,op-batcher-7ddcb69467-cvxjs,2,43
2026-02-11 16:07:46,default,op-geth-75f4676cdc-ffl7k,10,376
2026-02-11 16:07:46,default,op-node-58b7579566-2kvqz,22,154
2026-02-11 16:07:46,default,validator-5c45f686bc-xh52r,38,28
2026-02-11 16:07:46,testing,contender-85bb797bc8-t27wl,8,11
2026-02-11 16:07:56,default,beacon-85cbbc7d7b-t2cbt,60,209
2026-02-11 16:07:56,default,el-584bddccc7-zndtx,9,40
2026-02-11 16:07:56,default,op-batcher-7ddcb69467-cvxjs,2,43
2026-02-11 16:07:56,default,op-geth-75f4676cdc-ffl7k,8,376
2026-02-11 16:07:56,default,op-node-58b7579566-2kvqz,26,154
2026-02-11 16:07:56,default,validator-5c45f686bc-xh52r,48,31
2026-02-11 16:07:56,testing,contender-85bb797bc8-t27wl,2,11
2026-02-11 16:08:06,default,beacon-85cbbc7d7b-t2cbt,78,209
2026-02-11 16:08:06,default,el-584bddccc7-zndtx,9,40
2026-02-11 16:08:06,default,op-batcher-7ddcb69467-cvxjs,3,43
2026-02-11 16:08:06,default,op-geth-75f4676cdc-ffl7k,7,376
2026-02-11 16:08:06,default,op-node-58b7579566-2kvqz,26,154
2026-02-11 16:08:06,default,validator-5c45f686bc-xh52r,35,32
2026-02-11 16:08:06,testing,contender-85bb797bc8-t27wl,2,11
2026-02-11 16:08:16,default,beacon-85cbbc7d7b-t2cbt,78,209
2026-02-11 16:08:16,default,el-584bddccc7-zndtx,9,40
2026-02-11 16:08:16,default,op-batcher-7ddcb69467-cvxjs,3,43
2026-02-11 16:08:16,default,op-geth-75f4676cdc-ffl7k,7,376
2026-02-11 16:08:16,default,op-node-58b7579566-2kvqz,26,154
2026-02-11 16:08:16,default,validator-5c45f686bc-xh52r,35,32
2026-02-11 16:08:16,testing,contender-85bb797bc8-t27wl,2,11
2026-02-11 16:08:26,default,beacon-85cbbc7d7b-t2cbt,77,209
2026-02-11 16:08:26,default,el-584bddccc7-zndtx,8,39
2026-02-11 16:08:26,default,op-batcher-7ddcb69467-cvxjs,2,43
2026-02-11 16:08:26,default,op-geth-75f4676cdc-ffl7k,8,376
2026-02-11 16:08:26,default,op-node-58b7579566-2kvqz,25,154
2026-02-11 16:08:26,default,validator-5c45f686bc-xh52r,35,29
2026-02-11 16:08:26,testing,contender-85bb797bc8-t27wl,2,11
2026-02-11 16:08:37,default,beacon-85cbbc7d7b-t2cbt,84,209
2026-02-11 16:08:37,default,el-584bddccc7-zndtx,6,38
2026-02-11 16:08:37,default,op-batcher-7ddcb69467-cvxjs,2,43
2026-02-11 16:08:37,default,op-geth-75f4676cdc-ffl7k,8,376
2026-02-11 16:08:37,default,op-node-58b7579566-2kvqz,27,154
2026-02-11 16:08:37,default,validator-5c45f686bc-xh52r,39,30
2026-02-11 16:08:37,testing,contender-85bb797bc8-t27wl,2,11
2026-02-11 16:08:47,default,beacon-85cbbc7d7b-t2cbt,84,209
2026-02-11 16:08:47,default,el-584bddccc7-zndtx,6,38
2026-02-11 16:08:47,default,op-batcher-7ddcb69467-cvxjs,2,43
2026-02-11 16:08:47,default,op-geth-75f4676cdc-ffl7k,8,376
2026-02-11 16:08:47,default,op-node-58b7579566-2kvqz,27,154
2026-02-11 16:08:47,default,validator-5c45f686bc-xh52r,39,30
2026-02-11 16:08:47,testing,contender-85bb797bc8-t27wl,2,11
2026-02-11 16:08:57,default,beacon-85cbbc7d7b-t2cbt,80,209
2026-02-11 16:08:57,default,el-584bddccc7-zndtx,7,39
2026-02-11 16:08:57,default,op-batcher-7ddcb69467-cvxjs,2,43
2026-02-11 16:08:57,default,op-geth-75f4676cdc-ffl7k,9,377
2026-02-11 16:08:57,default,op-node-58b7579566-2kvqz,23,154
2026-02-11 16:08:57,default,validator-5c45f686bc-xh52r,51,29
2026-02-11 16:08:57,testing,contender-85bb797bc8-t27wl,12,22
2026-02-11 16:09:07,default,beacon-85cbbc7d7b-t2cbt,65,209
2026-02-11 16:09:07,default,el-584bddccc7-zndtx,9,39
2026-02-11 16:09:07,default,op-batcher-7ddcb69467-cvxjs,5,43
2026-02-11 16:09:07,default,op-geth-75f4676cdc-ffl7k,46,377
2026-02-11 16:09:07,default,op-node-58b7579566-2kvqz,30,154
2026-02-11 16:09:07,default,validator-5c45f686bc-xh52r,32,31
2026-02-11 16:09:07,testing,contender-85bb797bc8-t27wl,20,21
2026-02-11 16:09:17,default,beacon-85cbbc7d7b-t2cbt,65,209
2026-02-11 16:09:17,default,el-584bddccc7-zndtx,9,39
2026-02-11 16:09:17,default,op-batcher-7ddcb69467-cvxjs,5,43
2026-02-11 16:09:17,default,op-geth-75f4676cdc-ffl7k,46,377
2026-02-11 16:09:17,default,op-node-58b7579566-2kvqz,30,154
2026-02-11 16:09:17,default,validator-5c45f686bc-xh52r,32,31
2026-02-11 16:09:17,testing,contender-85bb797bc8-t27wl,20,21
2026-02-11 16:09:27,default,beacon-85cbbc7d7b-t2cbt,74,209
2026-02-11 16:09:27,default,el-584bddccc7-zndtx,8,41
2026-02-11 16:09:27,default,op-batcher-7ddcb69467-cvxjs,5,45
2026-02-11 16:09:27,default,op-geth-75f4676cdc-ffl7k,50,380
2026-02-11 16:09:27,default,op-node-58b7579566-2kvqz,28,154
2026-02-11 16:09:27,default,validator-5c45f686bc-xh52r,32,31
2026-02-11 16:09:27,testing,contender-85bb797bc8-t27wl,20,21
2026-02-11 16:09:37,default,beacon-85cbbc7d7b-t2cbt,62,210
2026-02-11 16:09:37,default,el-584bddccc7-zndtx,8,42
2026-02-11 16:09:37,default,op-batcher-7ddcb69467-cvxjs,5,45
2026-02-11 16:09:37,default,op-geth-75f4676cdc-ffl7k,50,387
2026-02-11 16:09:37,default,op-node-58b7579566-2kvqz,30,154
2026-02-11 16:09:37,default,validator-5c45f686bc-xh52r,44,30
2026-02-11 16:09:37,testing,contender-85bb797bc8-t27wl,20,21
2026-02-11 16:09:47,default,beacon-85cbbc7d7b-t2cbt,62,210
2026-02-11 16:09:47,default,el-584bddccc7-zndtx,8,42
2026-02-11 16:09:47,default,op-batcher-7ddcb69467-cvxjs,5,45
2026-02-11 16:09:47,default,op-geth-75f4676cdc-ffl7k,50,387
2026-02-11 16:09:47,default,op-node-58b7579566-2kvqz,30,154
2026-02-11 16:09:47,default,validator-5c45f686bc-xh52r,44,30
2026-02-11 16:09:47,testing,contender-85bb797bc8-t27wl,20,21
2026-02-11 16:09:58,default,beacon-85cbbc7d7b-t2cbt,111,210
2026-02-11 16:09:58,default,el-584bddccc7-zndtx,8,41
2026-02-11 16:09:58,default,op-batcher-7ddcb69467-cvxjs,5,47
2026-02-11 16:09:58,default,op-geth-75f4676cdc-ffl7k,50,387
2026-02-11 16:09:58,default,op-node-58b7579566-2kvqz,24,154
2026-02-11 16:09:58,default,validator-5c45f686bc-xh52r,27,30
2026-02-11 16:09:58,testing,contender-85bb797bc8-t27wl,20,22
2026-02-11 16:10:08,default,beacon-85cbbc7d7b-t2cbt,62,209
2026-02-11 16:10:08,default,el-584bddccc7-zndtx,9,41
2026-02-11 16:10:08,default,op-batcher-7ddcb69467-cvxjs,4,47
2026-02-11 16:10:08,default,op-geth-75f4676cdc-ffl7k,49,387
2026-02-11 16:10:08,default,op-node-58b7579566-2kvqz,30,154
2026-02-11 16:10:08,default,validator-5c45f686bc-xh52r,35,29
2026-02-11 16:10:08,testing,contender-85bb797bc8-t27wl,20,22
2026-02-11 16:10:18,default,beacon-85cbbc7d7b-t2cbt,62,209
2026-02-11 16:10:18,default,el-584bddccc7-zndtx,9,41
2026-02-11 16:10:18,default,op-batcher-7ddcb69467-cvxjs,4,47
2026-02-11 16:10:18,default,op-geth-75f4676cdc-ffl7k,49,387
2026-02-11 16:10:18,default,op-node-58b7579566-2kvqz,30,154
2026-02-11 16:10:18,default,validator-5c45f686bc-xh52r,35,29
2026-02-11 16:10:18,testing,contender-85bb797bc8-t27wl,20,22
2026-02-11 16:10:28,default,beacon-85cbbc7d7b-t2cbt,63,209
2026-02-11 16:10:28,default,el-584bddccc7-zndtx,7,42
2026-02-11 16:10:28,default,op-batcher-7ddcb69467-cvxjs,4,47
2026-02-11 16:10:28,default,op-geth-75f4676cdc-ffl7k,50,389
2026-02-11 16:10:28,default,op-node-58b7579566-2kvqz,30,158
2026-02-11 16:10:28,default,validator-5c45f686bc-xh52r,41,31
2026-02-11 16:10:28,testing,contender-85bb797bc8-t27wl,20,22
2026-02-11 16:10:38,default,beacon-85cbbc7d7b-t2cbt,74,210
2026-02-11 16:10:38,default,el-584bddccc7-zndtx,15,42
2026-02-11 16:10:38,default,op-batcher-7ddcb69467-cvxjs,5,43
2026-02-11 16:10:38,default,op-geth-75f4676cdc-ffl7k,52,392
2026-02-11 16:10:38,default,op-node-58b7579566-2kvqz,32,174
2026-02-11 16:10:38,default,validator-5c45f686bc-xh52r,33,32
2026-02-11 16:10:38,testing,contender-85bb797bc8-t27wl,20,22
2026-02-11 16:10:48,default,beacon-85cbbc7d7b-t2cbt,74,210
2026-02-11 16:10:48,default,el-584bddccc7-zndtx,15,42
2026-02-11 16:10:48,default,op-batcher-7ddcb69467-cvxjs,5,43
2026-02-11 16:10:48,default,op-geth-75f4676cdc-ffl7k,52,392
2026-02-11 16:10:48,default,op-node-58b7579566-2kvqz,32,174
2026-02-11 16:10:48,default,validator-5c45f686bc-xh52r,33,32
2026-02-11 16:10:48,testing,contender-85bb797bc8-t27wl,20,22
2026-02-11 16:10:58,default,beacon-85cbbc7d7b-t2cbt,107,211
2026-02-11 16:10:58,default,el-584bddccc7-zndtx,8,42
2026-02-11 16:10:58,default,op-batcher-7ddcb69467-cvxjs,6,43
2026-02-11 16:10:58,default,op-geth-75f4676cdc-ffl7k,52,392
2026-02-11 16:10:58,default,op-node-58b7579566-2kvqz,27,165
2026-02-11 16:10:58,default,validator-5c45f686bc-xh52r,32,30
2026-02-11 16:10:58,testing,contender-85bb797bc8-t27wl,21,22
2026-02-11 16:11:08,default,beacon-85cbbc7d7b-t2cbt,79,207
2026-02-11 16:11:08,default,el-584bddccc7-zndtx,8,43
2026-02-11 16:11:08,default,op-batcher-7ddcb69467-cvxjs,5,44
2026-02-11 16:11:08,default,op-geth-75f4676cdc-ffl7k,50,393
2026-02-11 16:11:08,default,op-node-58b7579566-2kvqz,33,165
2026-02-11 16:11:08,default,validator-5c45f686bc-xh52r,32,30
2026-02-11 16:11:08,testing,contender-85bb797bc8-t27wl,20,22
2026-02-11 16:11:18,default,beacon-85cbbc7d7b-t2cbt,79,207
2026-02-11 16:11:18,default,el-584bddccc7-zndtx,8,43
2026-02-11 16:11:18,default,op-batcher-7ddcb69467-cvxjs,5,44
2026-02-11 16:11:18,default,op-geth-75f4676cdc-ffl7k,50,393
2026-02-11 16:11:18,default,op-node-58b7579566-2kvqz,33,165
2026-02-11 16:11:18,default,validator-5c45f686bc-xh52r,32,30
2026-02-11 16:11:18,testing,contender-85bb797bc8-t27wl,20,22
2026-02-11 16:11:29,default,beacon-85cbbc7d7b-t2cbt,82,207
2026-02-11 16:11:29,default,el-584bddccc7-zndtx,8,43
2026-02-11 16:11:29,default,op-batcher-7ddcb69467-cvxjs,5,44
2026-02-11 16:11:29,default,op-geth-75f4676cdc-ffl7k,55,401
2026-02-11 16:11:29,default,op-node-58b7579566-2kvqz,25,165
2026-02-11 16:11:29,default,validator-5c45f686bc-xh52r,38,32
2026-02-11 16:11:29,testing,contender-85bb797bc8-t27wl,20,22
2026-02-11 16:11:39,default,beacon-85cbbc7d7b-t2cbt,56,206
2026-02-11 16:11:39,default,el-584bddccc7-zndtx,13,43
2026-02-11 16:11:39,default,op-batcher-7ddcb69467-cvxjs,4,44
2026-02-11 16:11:39,default,op-geth-75f4676cdc-ffl7k,51,402
2026-02-11 16:11:39,default,op-node-58b7579566-2kvqz,25,165
2026-02-11 16:11:39,default,validator-5c45f686bc-xh52r,44,30
2026-02-11 16:11:39,testing,contender-85bb797bc8-t27wl,20,22
2026-02-11 16:11:49,default,beacon-85cbbc7d7b-t2cbt,56,206
2026-02-11 16:11:49,default,el-584bddccc7-zndtx,13,43
2026-02-11 16:11:49,default,op-batcher-7ddcb69467-cvxjs,4,44
2026-02-11 16:11:49,default,op-geth-75f4676cdc-ffl7k,51,402
2026-02-11 16:11:49,default,op-node-58b7579566-2kvqz,25,165
2026-02-11 16:11:49,default,validator-5c45f686bc-xh52r,44,30
2026-02-11 16:11:49,testing,contender-85bb797bc8-t27wl,20,22
2026-02-11 16:11:59,default,beacon-85cbbc7d7b-t2cbt,56,206
2026-02-11 16:11:59,default,el-584bddccc7-zndtx,13,43
2026-02-11 16:11:59,default,op-batcher-7ddcb69467-cvxjs,5,44
2026-02-11 16:11:59,default,op-geth-75f4676cdc-ffl7k,50,403
2026-02-11 16:11:59,default,op-node-58b7579566-2kvqz,27,162
2026-02-11 16:11:59,default,validator-5c45f686bc-xh52r,37,30
2026-02-11 16:11:59,testing,contender-85bb797bc8-t27wl,20,22
2026-02-11 16:12:09,default,beacon-85cbbc7d7b-t2cbt,90,207
2026-02-11 16:12:09,default,el-584bddccc7-zndtx,9,41
2026-02-11 16:12:09,default,op-batcher-7ddcb69467-cvxjs,5,47
2026-02-11 16:12:09,default,op-geth-75f4676cdc-ffl7k,51,404
2026-02-11 16:12:09,default,op-node-58b7579566-2kvqz,21,161
2026-02-11 16:12:09,default,validator-5c45f686bc-xh52r,41,30
2026-02-11 16:12:09,testing,contender-85bb797bc8-t27wl,20,22
2026-02-11 16:12:19,default,beacon-85cbbc7d7b-t2cbt,90,207
2026-02-11 16:12:19,default,el-584bddccc7-zndtx,9,41
2026-02-11 16:12:19,default,op-batcher-7ddcb69467-cvxjs,5,47
2026-02-11 16:12:19,default,op-geth-75f4676cdc-ffl7k,51,404
2026-02-11 16:12:19,default,op-node-58b7579566-2kvqz,21,161
2026-02-11 16:12:19,default,validator-5c45f686bc-xh52r,41,30
2026-02-11 16:12:19,testing,contender-85bb797bc8-t27wl,20,22
2026-02-11 16:12:29,default,beacon-85cbbc7d7b-t2cbt,60,207
2026-02-11 16:12:29,default,el-584bddccc7-zndtx,8,42
2026-02-11 16:12:29,default,op-batcher-7ddcb69467-cvxjs,4,47
2026-02-11 16:12:29,default,op-geth-75f4676cdc-ffl7k,51,405
2026-02-11 16:12:29,default,op-node-58b7579566-2kvqz,29,163
2026-02-11 16:12:29,default,validator-5c45f686bc-xh52r,41,30
2026-02-11 16:12:29,testing,contender-85bb797bc8-t27wl,20,22
2026-02-11 16:12:39,default,beacon-85cbbc7d7b-t2cbt,73,207
2026-02-11 16:12:39,default,el-584bddccc7-zndtx,14,42
2026-02-11 16:12:39,default,op-batcher-7ddcb69467-cvxjs,4,47
2026-02-11 16:12:39,default,op-geth-75f4676cdc-ffl7k,51,405
2026-02-11 16:12:39,default,op-node-58b7579566-2kvqz,28,169
2026-02-11 16:12:39,default,validator-5c45f686bc-xh52r,45,32
2026-02-11 16:12:39,testing,contender-85bb797bc8-t27wl,21,22
2026-02-11 16:12:50,default,beacon-85cbbc7d7b-t2cbt,73,207
2026-02-11 16:12:50,default,el-584bddccc7-zndtx,14,42
2026-02-11 16:12:50,default,op-batcher-7ddcb69467-cvxjs,4,47
2026-02-11 16:12:50,default,op-geth-75f4676cdc-ffl7k,51,405
2026-02-11 16:12:50,default,op-node-58b7579566-2kvqz,28,169
2026-02-11 16:12:50,default,validator-5c45f686bc-xh52r,45,32
2026-02-11 16:12:50,testing,contender-85bb797bc8-t27wl,21,22
2026-02-11 16:13:00,default,beacon-85cbbc7d7b-t2cbt,66,207
2026-02-11 16:13:00,default,el-584bddccc7-zndtx,8,43
2026-02-11 16:13:00,default,op-batcher-7ddcb69467-cvxjs,6,49
2026-02-11 16:13:00,default,op-geth-75f4676cdc-ffl7k,50,408
2026-02-11 16:13:00,default,op-node-58b7579566-2kvqz,33,169
2026-02-11 16:13:00,default,validator-5c45f686bc-xh52r,40,30
2026-02-11 16:13:00,testing,contender-85bb797bc8-t27wl,20,22
2026-02-11 16:13:10,default,beacon-85cbbc7d7b-t2cbt,86,207
2026-02-11 16:13:10,default,el-584bddccc7-zndtx,9,43
2026-02-11 16:13:10,default,op-batcher-7ddcb69467-cvxjs,4,49
2026-02-11 16:13:10,default,op-geth-75f4676cdc-ffl7k,50,409
2026-02-11 16:13:10,default,op-node-58b7579566-2kvqz,29,164
2026-02-11 16:13:10,default,validator-5c45f686bc-xh52r,35,29
2026-02-11 16:13:10,testing,contender-85bb797bc8-t27wl,20,22
2026-02-11 16:13:20,default,beacon-85cbbc7d7b-t2cbt,86,207
2026-02-11 16:13:20,default,el-584bddccc7-zndtx,9,43
2026-02-11 16:13:20,default,op-batcher-7ddcb69467-cvxjs,4,49
2026-02-11 16:13:20,default,op-geth-75f4676cdc-ffl7k,50,409
2026-02-11 16:13:20,default,op-node-58b7579566-2kvqz,29,164
2026-02-11 16:13:20,default,validator-5c45f686bc-xh52r,35,29
2026-02-11 16:13:20,testing,contender-85bb797bc8-t27wl,20,22
2026-02-11 16:13:30,default,beacon-85cbbc7d7b-t2cbt,69,207
2026-02-11 16:13:30,default,el-584bddccc7-zndtx,8,43
2026-02-11 16:13:30,default,op-batcher-7ddcb69467-cvxjs,5,49
2026-02-11 16:13:30,default,op-geth-75f4676cdc-ffl7k,52,410
2026-02-11 16:13:30,default,op-node-58b7579566-2kvqz,29,164
2026-02-11 16:13:30,default,validator-5c45f686bc-xh52r,35,29
2026-02-11 16:13:30,testing,contender-85bb797bc8-t27wl,20,22
2026-02-11 16:13:40,default,beacon-85cbbc7d7b-t2cbt,72,207
2026-02-11 16:13:40,default,el-584bddccc7-zndtx,14,43
2026-02-11 16:13:40,default,op-batcher-7ddcb69467-cvxjs,4,49
2026-02-11 16:13:40,default,op-geth-75f4676cdc-ffl7k,51,412
2026-02-11 16:13:40,default,op-node-58b7579566-2kvqz,24,164
2026-02-11 16:13:40,default,validator-5c45f686bc-xh52r,42,32
2026-02-11 16:13:40,testing,contender-85bb797bc8-t27wl,20,22
2026-02-11 16:13:50,default,beacon-85cbbc7d7b-t2cbt,67,207
2026-02-11 16:13:50,default,el-584bddccc7-zndtx,9,44
2026-02-11 16:13:50,default,op-batcher-7ddcb69467-cvxjs,5,50
2026-02-11 16:13:50,default,op-geth-75f4676cdc-ffl7k,83,418
2026-02-11 16:13:50,default,op-node-58b7579566-2kvqz,25,164
2026-02-11 16:13:50,default,validator-5c45f686bc-xh52r,38,29
2026-02-11 16:13:50,testing,contender-85bb797bc8-t27wl,20,22
2026-02-11 16:14:00,default,beacon-85cbbc7d7b-t2cbt,67,207
2026-02-11 16:14:00,default,el-584bddccc7-zndtx,9,44
2026-02-11 16:14:00,default,op-batcher-7ddcb69467-cvxjs,5,50
2026-02-11 16:14:00,default,op-geth-75f4676cdc-ffl7k,83,418
2026-02-11 16:14:00,default,op-node-58b7579566-2kvqz,25,164
2026-02-11 16:14:00,default,validator-5c45f686bc-xh52r,38,29
2026-02-11 16:14:00,testing,contender-85bb797bc8-t27wl,20,22
2026-02-11 16:14:10,default,beacon-85cbbc7d7b-t2cbt,81,207
2026-02-11 16:14:10,default,el-584bddccc7-zndtx,6,45
2026-02-11 16:14:10,default,op-batcher-7ddcb69467-cvxjs,3,50
2026-02-11 16:14:10,default,op-geth-75f4676cdc-ffl7k,83,418
2026-02-11 16:14:10,default,op-node-58b7579566-2kvqz,24,164
2026-02-11 16:14:10,default,validator-5c45f686bc-xh52r,41,30
2026-02-11 16:14:10,testing,contender-85bb797bc8-t27wl,41,25
2026-02-11 16:14:21,default,beacon-85cbbc7d7b-t2cbt,81,207
2026-02-11 16:14:21,default,el-584bddccc7-zndtx,6,45
2026-02-11 16:14:21,default,op-batcher-7ddcb69467-cvxjs,2,50
2026-02-11 16:14:21,default,op-geth-75f4676cdc-ffl7k,12,419
2026-02-11 16:14:21,default,op-node-58b7579566-2kvqz,26,164
2026-02-11 16:14:21,default,validator-5c45f686bc-xh52r,40,31
2026-02-11 16:14:21,testing,contender-85bb797bc8-t27wl,11,30
2026-02-11 16:14:31,default,beacon-85cbbc7d7b-t2cbt,81,207
2026-02-11 16:14:31,default,el-584bddccc7-zndtx,6,45
2026-02-11 16:14:31,default,op-batcher-7ddcb69467-cvxjs,2,50
2026-02-11 16:14:31,default,op-geth-75f4676cdc-ffl7k,12,419
2026-02-11 16:14:31,default,op-node-58b7579566-2kvqz,26,164
2026-02-11 16:14:31,default,validator-5c45f686bc-xh52r,40,31
2026-02-11 16:14:31,testing,contender-85bb797bc8-t27wl,11,30
2026-02-11 16:14:41,default,beacon-85cbbc7d7b-t2cbt,66,207
2026-02-11 16:14:41,default,el-584bddccc7-zndtx,9,44
2026-02-11 16:14:41,default,op-batcher-7ddcb69467-cvxjs,2,50
2026-02-11 16:14:41,default,op-geth-75f4676cdc-ffl7k,9,419
2026-02-11 16:14:41,default,op-node-58b7579566-2kvqz,27,164
2026-02-11 16:14:41,default,validator-5c45f686bc-xh52r,42,31
2026-02-11 16:14:41,testing,contender-85bb797bc8-t27wl,19,31
2026-02-11 16:14:51,default,beacon-85cbbc7d7b-t2cbt,80,206
2026-02-11 16:14:51,default,el-584bddccc7-zndtx,9,44
2026-02-11 16:14:51,default,op-batcher-7ddcb69467-cvxjs,3,52
2026-02-11 16:14:51,default,op-geth-75f4676cdc-ffl7k,9,419
2026-02-11 16:14:51,default,op-node-58b7579566-2kvqz,28,164
2026-02-11 16:14:51,default,validator-5c45f686bc-xh52r,42,31
2026-02-11 16:14:51,testing,contender-85bb797bc8-t27wl,19,31
2026-02-11 16:15:01,default,beacon-85cbbc7d7b-t2cbt,80,206
2026-02-11 16:15:01,default,el-584bddccc7-zndtx,9,44
2026-02-11 16:15:01,default,op-batcher-7ddcb69467-cvxjs,3,52
2026-02-11 16:15:01,default,op-geth-75f4676cdc-ffl7k,9,419
2026-02-11 16:15:01,default,op-node-58b7579566-2kvqz,28,164
2026-02-11 16:15:01,default,validator-5c45f686bc-xh52r,42,31
2026-02-11 16:15:01,testing,contender-85bb797bc8-t27wl,19,31
2026-02-11 16:15:11,default,beacon-85cbbc7d7b-t2cbt,64,206
2026-02-11 16:15:11,default,el-584bddccc7-zndtx,9,43
2026-02-11 16:15:11,default,op-batcher-7ddcb69467-cvxjs,2,52
2026-02-11 16:15:11,default,op-geth-75f4676cdc-ffl7k,7,419
2026-02-11 16:15:11,default,op-node-58b7579566-2kvqz,25,164
2026-02-11 16:15:11,default,validator-5c45f686bc-xh52r,40,30
2026-02-11 16:15:11,testing,contender-85bb797bc8-t27wl,6,12
2026-02-11 16:15:21,default,beacon-85cbbc7d7b-t2cbt,98,209
2026-02-11 16:15:21,default,el-584bddccc7-zndtx,7,43
2026-02-11 16:15:21,default,op-batcher-7ddcb69467-cvxjs,2,52
2026-02-11 16:15:21,default,op-geth-75f4676cdc-ffl7k,8,420
2026-02-11 16:15:21,default,op-node-58b7579566-2kvqz,28,164
2026-02-11 16:15:21,default,validator-5c45f686bc-xh52r,40,30
2026-02-11 16:15:21,testing,contender-85bb797bc8-t27wl,2,12
2026-02-11 16:15:31,default,beacon-85cbbc7d7b-t2cbt,98,209
2026-02-11 16:15:31,default,el-584bddccc7-zndtx,7,43
2026-02-11 16:15:31,default,op-batcher-7ddcb69467-cvxjs,2,52
2026-02-11 16:15:31,default,op-geth-75f4676cdc-ffl7k,8,420
2026-02-11 16:15:31,default,op-node-58b7579566-2kvqz,28,164
2026-02-11 16:15:31,default,validator-5c45f686bc-xh52r,40,30
2026-02-11 16:15:31,testing,contender-85bb797bc8-t27wl,2,12
2026-02-11 16:15:42,default,beacon-85cbbc7d7b-t2cbt,47,207
2026-02-11 16:15:42,default,el-584bddccc7-zndtx,9,43
2026-02-11 16:15:42,default,op-batcher-7ddcb69467-cvxjs,3,52
2026-02-11 16:15:42,default,op-geth-75f4676cdc-ffl7k,7,420
2026-02-11 16:15:42,default,op-node-58b7579566-2kvqz,28,164
2026-02-11 16:15:42,default,validator-5c45f686bc-xh52r,50,30
2026-02-11 16:15:42,testing,contender-85bb797bc8-t27wl,2,12
2026-02-11 16:15:52,default,beacon-85cbbc7d7b-t2cbt,84,206
2026-02-11 16:15:52,default,el-584bddccc7-zndtx,8,41
2026-02-11 16:15:52,default,op-batcher-7ddcb69467-cvxjs,2,52
2026-02-11 16:15:52,default,op-geth-75f4676cdc-ffl7k,9,422
2026-02-11 16:15:52,default,op-node-58b7579566-2kvqz,21,164
2026-02-11 16:15:52,default,validator-5c45f686bc-xh52r,31,30
2026-02-11 16:15:52,testing,contender-85bb797bc8-t27wl,2,12
2026-02-11 16:16:02,default,beacon-85cbbc7d7b-t2cbt,84,206
2026-02-11 16:16:02,default,el-584bddccc7-zndtx,8,41
2026-02-11 16:16:02,default,op-batcher-7ddcb69467-cvxjs,2,52
2026-02-11 16:16:02,default,op-geth-75f4676cdc-ffl7k,9,422
2026-02-11 16:16:02,default,op-node-58b7579566-2kvqz,21,164
2026-02-11 16:16:02,default,validator-5c45f686bc-xh52r,31,30
2026-02-11 16:16:02,testing,contender-85bb797bc8-t27wl,2,12
2026-02-11 16:16:12,default,beacon-85cbbc7d7b-t2cbt,83,206
2026-02-11 16:16:12,default,el-584bddccc7-zndtx,8,41
2026-02-11 16:16:12,default,op-batcher-7ddcb69467-cvxjs,2,52
2026-02-11 16:16:12,default,op-geth-75f4676cdc-ffl7k,7,422
2026-02-11 16:16:12,default,op-node-58b7579566-2kvqz,22,164
2026-02-11 16:16:12,default,validator-5c45f686bc-xh52r,42,31
2026-02-11 16:16:12,testing,contender-85bb797bc8-t27wl,3,12
2026-02-11 16:16:22,default,beacon-85cbbc7d7b-t2cbt,60,206
2026-02-11 16:16:22,default,el-584bddccc7-zndtx,6,41
2026-02-11 16:16:22,default,op-batcher-7ddcb69467-cvxjs,2,53
2026-02-11 16:16:22,default,op-geth-75f4676cdc-ffl7k,7,422
2026-02-11 16:16:22,default,op-node-58b7579566-2kvqz,30,166
2026-02-11 16:16:22,default,validator-5c45f686bc-xh52r,27,32
2026-02-11 16:16:22,testing,contender-85bb797bc8-t27wl,3,12
2026-02-11 16:16:32,default,beacon-85cbbc7d7b-t2cbt,60,206
2026-02-11 16:16:32,default,el-584bddccc7-zndtx,6,41
2026-02-11 16:16:32,default,op-batcher-7ddcb69467-cvxjs,2,53
2026-02-11 16:16:32,default,op-geth-75f4676cdc-ffl7k,7,422
2026-02-11 16:16:32,default,op-node-58b7579566-2kvqz,30,166
2026-02-11 16:16:32,default,validator-5c45f686bc-xh52r,27,32
2026-02-11 16:16:32,testing,contender-85bb797bc8-t27wl,3,12
2026-02-11 16:16:42,default,beacon-85cbbc7d7b-t2cbt,60,206
2026-02-11 16:16:42,default,el-584bddccc7-zndtx,10,42
2026-02-11 16:16:42,default,op-batcher-7ddcb69467-cvxjs,3,52
2026-02-11 16:16:42,default,op-geth-75f4676cdc-ffl7k,7,422
2026-02-11 16:16:42,default,op-node-58b7579566-2kvqz,26,165
2026-02-11 16:16:42,default,validator-5c45f686bc-xh52r,31,29
2026-02-11 16:16:42,testing,contender-85bb797bc8-t27wl,2,12
2026-02-11 16:16:52,default,beacon-85cbbc7d7b-t2cbt,83,207
2026-02-11 16:16:52,default,el-584bddccc7-zndtx,6,42
2026-02-11 16:16:52,default,op-batcher-7ddcb69467-cvxjs,2,52
2026-02-11 16:16:52,default,op-geth-75f4676cdc-ffl7k,7,423
2026-02-11 16:16:52,default,op-node-58b7579566-2kvqz,24,165
2026-02-11 16:16:52,default,validator-5c45f686bc-xh52r,35,31
2026-02-11 16:16:52,testing,contender-85bb797bc8-t27wl,2,12
2026-02-11 16:17:02,default,beacon-85cbbc7d7b-t2cbt,83,207
2026-02-11 16:17:02,default,el-584bddccc7-zndtx,6,42
2026-02-11 16:17:02,default,op-batcher-7ddcb69467-cvxjs,2,52
2026-02-11 16:17:02,default,op-geth-75f4676cdc-ffl7k,7,423
2026-02-11 16:17:02,default,op-node-58b7579566-2kvqz,24,165
2026-02-11 16:17:02,default,validator-5c45f686bc-xh52r,35,31
2026-02-11 16:17:02,testing,contender-85bb797bc8-t27wl,2,12
2026-02-11 16:17:13,default,beacon-85cbbc7d7b-t2cbt,83,207
2026-02-11 16:17:13,default,el-584bddccc7-zndtx,7,42
2026-02-11 16:17:13,default,op-batcher-7ddcb69467-cvxjs,3,52
2026-02-11 16:17:13,default,op-geth-75f4676cdc-ffl7k,43,423
2026-02-11 16:17:13,default,op-node-58b7579566-2kvqz,24,166
2026-02-11 16:17:13,default,validator-5c45f686bc-xh52r,32,29
2026-02-11 16:17:13,testing,contender-85bb797bc8-t27wl,20,45
2026-02-11 16:17:23,default,beacon-85cbbc7d7b-t2cbt,70,213
2026-02-11 16:17:23,default,el-584bddccc7-zndtx,8,43
2026-02-11 16:17:23,default,op-batcher-7ddcb69467-cvxjs,9,53
2026-02-11 16:17:23,default,op-geth-75f4676cdc-ffl7k,115,425
2026-02-11 16:17:23,default,op-node-58b7579566-2kvqz,25,170
2026-02-11 16:17:23,default,validator-5c45f686bc-xh52r,37,29
2026-02-11 16:17:23,testing,contender-85bb797bc8-t27wl,42,43
2026-02-11 16:17:33,default,beacon-85cbbc7d7b-t2cbt,70,213
2026-02-11 16:17:33,default,el-584bddccc7-zndtx,8,43
2026-02-11 16:17:33,default,op-batcher-7ddcb69467-cvxjs,9,53
2026-02-11 16:17:33,default,op-geth-75f4676cdc-ffl7k,115,425
2026-02-11 16:17:33,default,op-node-58b7579566-2kvqz,25,170
2026-02-11 16:17:33,default,validator-5c45f686bc-xh52r,37,29
2026-02-11 16:17:33,testing,contender-85bb797bc8-t27wl,42,43
2026-02-11 16:17:43,default,beacon-85cbbc7d7b-t2cbt,61,207
2026-02-11 16:17:43,default,el-584bddccc7-zndtx,10,46
2026-02-11 16:17:43,default,op-batcher-7ddcb69467-cvxjs,9,53
2026-02-11 16:17:43,default,op-geth-75f4676cdc-ffl7k,117,426
2026-02-11 16:17:43,default,op-node-58b7579566-2kvqz,29,171
2026-02-11 16:17:43,default,validator-5c45f686bc-xh52r,40,31
2026-02-11 16:17:43,testing,contender-85bb797bc8-t27wl,42,43
2026-02-11 16:17:53,default,beacon-85cbbc7d7b-t2cbt,86,207
2026-02-11 16:17:53,default,el-584bddccc7-zndtx,10,47
2026-02-11 16:17:53,default,op-batcher-7ddcb69467-cvxjs,10,55
2026-02-11 16:17:53,default,op-geth-75f4676cdc-ffl7k,111,432
2026-02-11 16:17:53,default,op-node-58b7579566-2kvqz,25,171
2026-02-11 16:17:53,default,validator-5c45f686bc-xh52r,42,30
2026-02-11 16:17:53,testing,contender-85bb797bc8-t27wl,42,44
2026-02-11 16:18:03,default,beacon-85cbbc7d7b-t2cbt,86,207
2026-02-11 16:18:03,default,el-584bddccc7-zndtx,10,47
2026-02-11 16:18:03,default,op-batcher-7ddcb69467-cvxjs,10,55
2026-02-11 16:18:03,default,op-geth-75f4676cdc-ffl7k,111,432
2026-02-11 16:18:03,default,op-node-58b7579566-2kvqz,25,171
2026-02-11 16:18:03,default,validator-5c45f686bc-xh52r,42,30
2026-02-11 16:18:03,testing,contender-85bb797bc8-t27wl,42,44
2026-02-11 16:18:13,default,beacon-85cbbc7d7b-t2cbt,85,207
2026-02-11 16:18:13,default,el-584bddccc7-zndtx,15,46
2026-02-11 16:18:13,default,op-batcher-7ddcb69467-cvxjs,10,55
2026-02-11 16:18:13,default,op-geth-75f4676cdc-ffl7k,119,438
2026-02-11 16:18:13,default,op-node-58b7579566-2kvqz,30,173
2026-02-11 16:18:13,default,validator-5c45f686bc-xh52r,42,30
2026-02-11 16:18:13,testing,contender-85bb797bc8-t27wl,42,44
2026-02-11 16:18:23,default,beacon-85cbbc7d7b-t2cbt,66,208
2026-02-11 16:18:23,default,el-584bddccc7-zndtx,7,46
2026-02-11 16:18:23,default,op-batcher-7ddcb69467-cvxjs,9,63
2026-02-11 16:18:23,default,op-geth-75f4676cdc-ffl7k,144,469
2026-02-11 16:18:23,default,op-node-58b7579566-2kvqz,28,173
2026-02-11 16:18:23,default,validator-5c45f686bc-xh52r,41,30
2026-02-11 16:18:23,testing,contender-85bb797bc8-t27wl,44,44
2026-02-11 16:18:34,default,beacon-85cbbc7d7b-t2cbt,66,208
2026-02-11 16:18:34,default,el-584bddccc7-zndtx,7,46
2026-02-11 16:18:34,default,op-batcher-7ddcb69467-cvxjs,9,63
2026-02-11 16:18:34,default,op-geth-75f4676cdc-ffl7k,144,469
2026-02-11 16:18:34,default,op-node-58b7579566-2kvqz,28,173
2026-02-11 16:18:34,default,validator-5c45f686bc-xh52r,41,30
2026-02-11 16:18:34,testing,contender-85bb797bc8-t27wl,44,44
2026-02-11 16:18:44,default,beacon-85cbbc7d7b-t2cbt,73,208
2026-02-11 16:18:44,default,el-584bddccc7-zndtx,8,44
2026-02-11 16:18:44,default,op-batcher-7ddcb69467-cvxjs,8,65
2026-02-11 16:18:44,default,op-geth-75f4676cdc-ffl7k,118,471
2026-02-11 16:18:44,default,op-node-58b7579566-2kvqz,31,174
2026-02-11 16:18:44,default,validator-5c45f686bc-xh52r,45,30
2026-02-11 16:18:44,testing,contender-85bb797bc8-t27wl,44,44
2026-02-11 16:18:54,default,beacon-85cbbc7d7b-t2cbt,90,209
2026-02-11 16:18:54,default,el-584bddccc7-zndtx,8,44
2026-02-11 16:18:54,default,op-batcher-7ddcb69467-cvxjs,10,67
2026-02-11 16:18:54,default,op-geth-75f4676cdc-ffl7k,115,472
2026-02-11 16:18:54,default,op-node-58b7579566-2kvqz,32,176
2026-02-11 16:18:54,default,validator-5c45f686bc-xh52r,36,31
2026-02-11 16:18:54,testing,contender-85bb797bc8-t27wl,44,45
2026-02-11 16:19:04,default,beacon-85cbbc7d7b-t2cbt,90,209
2026-02-11 16:19:04,default,el-584bddccc7-zndtx,8,44
2026-02-11 16:19:04,default,op-batcher-7ddcb69467-cvxjs,10,67
2026-02-11 16:19:04,default,op-geth-75f4676cdc-ffl7k,115,472
2026-02-11 16:19:04,default,op-node-58b7579566-2kvqz,32,176
2026-02-11 16:19:04,default,validator-5c45f686bc-xh52r,36,31
2026-02-11 16:19:04,testing,contender-85bb797bc8-t27wl,44,45
2026-02-11 16:19:14,default,beacon-85cbbc7d7b-t2cbt,72,209
2026-02-11 16:19:14,default,el-584bddccc7-zndtx,11,46
2026-02-11 16:19:14,default,op-batcher-7ddcb69467-cvxjs,8,68
2026-02-11 16:19:14,default,op-geth-75f4676cdc-ffl7k,115,472
2026-02-11 16:19:14,default,op-node-58b7579566-2kvqz,34,176
2026-02-11 16:19:14,default,validator-5c45f686bc-xh52r,36,31
2026-02-11 16:19:14,testing,contender-85bb797bc8-t27wl,45,45
2026-02-11 16:19:24,default,beacon-85cbbc7d7b-t2cbt,72,209
2026-02-11 16:19:24,default,el-584bddccc7-zndtx,9,46
2026-02-11 16:19:24,default,op-batcher-7ddcb69467-cvxjs,11,74
2026-02-11 16:19:24,default,op-geth-75f4676cdc-ffl7k,119,475
2026-02-11 16:19:24,default,op-node-58b7579566-2kvqz,30,176
2026-02-11 16:19:24,default,validator-5c45f686bc-xh52r,39,32
2026-02-11 16:19:24,testing,contender-85bb797bc8-t27wl,44,45
2026-02-11 16:19:34,default,beacon-85cbbc7d7b-t2cbt,72,209
2026-02-11 16:19:34,default,el-584bddccc7-zndtx,9,46
2026-02-11 16:19:34,default,op-batcher-7ddcb69467-cvxjs,11,74
2026-02-11 16:19:34,default,op-geth-75f4676cdc-ffl7k,119,475
2026-02-11 16:19:34,default,op-node-58b7579566-2kvqz,30,176
2026-02-11 16:19:34,default,validator-5c45f686bc-xh52r,39,32
2026-02-11 16:19:34,testing,contender-85bb797bc8-t27wl,44,45
2026-02-11 16:19:44,default,beacon-85cbbc7d7b-t2cbt,63,210
2026-02-11 16:19:44,default,el-584bddccc7-zndtx,13,48
2026-02-11 16:19:44,default,op-batcher-7ddcb69467-cvxjs,8,74
2026-02-11 16:19:44,default,op-geth-75f4676cdc-ffl7k,119,475
2026-02-11 16:19:44,default,op-node-58b7579566-2kvqz,35,176
2026-02-11 16:19:44,default,validator-5c45f686bc-xh52r,41,31
2026-02-11 16:19:44,testing,contender-85bb797bc8-t27wl,46,45
2026-02-11 16:19:55,default,beacon-85cbbc7d7b-t2cbt,72,209
2026-02-11 16:19:55,default,el-584bddccc7-zndtx,10,48
2026-02-11 16:19:55,default,op-batcher-7ddcb69467-cvxjs,10,75
2026-02-11 16:19:55,default,op-geth-75f4676cdc-ffl7k,123,479
2026-02-11 16:19:55,default,op-node-58b7579566-2kvqz,44,176
2026-02-11 16:19:55,default,validator-5c45f686bc-xh52r,42,30
2026-02-11 16:19:55,testing,contender-85bb797bc8-t27wl,46,45
2026-02-11 16:20:05,default,beacon-85cbbc7d7b-t2cbt,72,209
2026-02-11 16:20:05,default,el-584bddccc7-zndtx,10,48
2026-02-11 16:20:05,default,op-batcher-7ddcb69467-cvxjs,10,75
2026-02-11 16:20:05,default,op-geth-75f4676cdc-ffl7k,123,479
2026-02-11 16:20:05,default,op-node-58b7579566-2kvqz,44,176
2026-02-11 16:20:05,default,validator-5c45f686bc-xh52r,42,30
2026-02-11 16:20:05,testing,contender-85bb797bc8-t27wl,46,45
2026-02-11 16:20:15,default,beacon-85cbbc7d7b-t2cbt,72,209
2026-02-11 16:20:15,default,el-584bddccc7-zndtx,11,49
2026-02-11 16:20:15,default,op-batcher-7ddcb69467-cvxjs,8,75
2026-02-11 16:20:15,default,op-geth-75f4676cdc-ffl7k,118,481
2026-02-11 16:20:15,default,op-node-58b7579566-2kvqz,38,176
2026-02-11 16:20:15,default,validator-5c45f686bc-xh52r,51,32
2026-02-11 16:20:15,testing,contender-85bb797bc8-t27wl,46,46
2026-02-11 16:20:25,default,beacon-85cbbc7d7b-t2cbt,86,209
2026-02-11 16:20:25,default,el-584bddccc7-zndtx,10,49
2026-02-11 16:20:25,default,op-batcher-7ddcb69467-cvxjs,10,78
2026-02-11 16:20:25,default,op-geth-75f4676cdc-ffl7k,121,488
2026-02-11 16:20:25,default,op-node-58b7579566-2kvqz,34,176
2026-02-11 16:20:25,default,validator-5c45f686bc-xh52r,41,32
2026-02-11 16:20:25,testing,contender-85bb797bc8-t27wl,46,46
2026-02-11 16:20:35,default,beacon-85cbbc7d7b-t2cbt,86,209
2026-02-11 16:20:35,default,el-584bddccc7-zndtx,10,49
2026-02-11 16:20:35,default,op-batcher-7ddcb69467-cvxjs,10,78
2026-02-11 16:20:35,default,op-geth-75f4676cdc-ffl7k,121,488
2026-02-11 16:20:35,default,op-node-58b7579566-2kvqz,34,176
2026-02-11 16:20:35,default,validator-5c45f686bc-xh52r,41,32
2026-02-11 16:20:35,testing,contender-85bb797bc8-t27wl,46,46
2026-02-11 16:20:45,default,beacon-85cbbc7d7b-t2cbt,89,210
2026-02-11 16:20:45,default,el-584bddccc7-zndtx,10,50
2026-02-11 16:20:45,default,op-batcher-7ddcb69467-cvxjs,10,78
2026-02-11 16:20:45,default,op-geth-75f4676cdc-ffl7k,119,489
2026-02-11 16:20:45,default,op-node-58b7579566-2kvqz,36,177
2026-02-11 16:20:45,default,validator-5c45f686bc-xh52r,36,33
2026-02-11 16:20:45,testing,contender-85bb797bc8-t27wl,45,46
2026-02-11 16:20:55,default,beacon-85cbbc7d7b-t2cbt,63,208
2026-02-11 16:20:55,default,el-584bddccc7-zndtx,10,48
2026-02-11 16:20:55,default,op-batcher-7ddcb69467-cvxjs,11,86
2026-02-11 16:20:55,default,op-geth-75f4676cdc-ffl7k,129,491
2026-02-11 16:20:55,default,op-node-58b7579566-2kvqz,40,176
2026-02-11 16:20:55,default,validator-5c45f686bc-xh52r,43,31
2026-02-11 16:20:55,testing,contender-85bb797bc8-t27wl,46,46
2026-02-11 16:21:05,default,beacon-85cbbc7d7b-t2cbt,88,209
2026-02-11 16:21:05,default,el-584bddccc7-zndtx,10,48
2026-02-11 16:21:05,default,op-batcher-7ddcb69467-cvxjs,8,86
2026-02-11 16:21:05,default,op-geth-75f4676cdc-ffl7k,114,492
2026-02-11 16:21:05,default,op-node-58b7579566-2kvqz,34,179
2026-02-11 16:21:05,default,validator-5c45f686bc-xh52r,38,30
2026-02-11 16:21:05,testing,contender-85bb797bc8-t27wl,46,46
2026-02-11 16:21:16,default,beacon-85cbbc7d7b-t2cbt,88,209
2026-02-11 16:21:16,default,el-584bddccc7-zndtx,10,48
2026-02-11 16:21:16,default,op-batcher-7ddcb69467-cvxjs,8,86
2026-02-11 16:21:16,default,op-geth-75f4676cdc-ffl7k,114,492
2026-02-11 16:21:16,default,op-node-58b7579566-2kvqz,34,179
2026-02-11 16:21:16,default,validator-5c45f686bc-xh52r,38,30
2026-02-11 16:21:16,testing,contender-85bb797bc8-t27wl,46,46
2026-02-11 16:21:26,default,beacon-85cbbc7d7b-t2cbt,34,208
2026-02-11 16:21:26,default,el-584bddccc7-zndtx,9,49
2026-02-11 16:21:26,default,op-batcher-7ddcb69467-cvxjs,7,86
2026-02-11 16:21:26,default,op-geth-75f4676cdc-ffl7k,125,492
2026-02-11 16:21:26,default,op-node-58b7579566-2kvqz,32,180
2026-02-11 16:21:26,default,validator-5c45f686bc-xh52r,49,32
2026-02-11 16:21:26,testing,contender-85bb797bc8-t27wl,47,46
2026-02-11 16:21:36,default,beacon-85cbbc7d7b-t2cbt,84,209
2026-02-11 16:21:36,default,el-584bddccc7-zndtx,9,49
2026-02-11 16:21:36,default,op-batcher-7ddcb69467-cvxjs,12,88
2026-02-11 16:21:36,default,op-geth-75f4676cdc-ffl7k,116,495
2026-02-11 16:21:36,default,op-node-58b7579566-2kvqz,32,180
2026-02-11 16:21:36,default,validator-5c45f686bc-xh52r,35,32
2026-02-11 16:21:36,testing,contender-85bb797bc8-t27wl,45,46
2026-02-11 16:21:46,default,beacon-85cbbc7d7b-t2cbt,84,209
2026-02-11 16:21:46,default,el-584bddccc7-zndtx,9,49
2026-02-11 16:21:46,default,op-batcher-7ddcb69467-cvxjs,12,88
2026-02-11 16:21:46,default,op-geth-75f4676cdc-ffl7k,116,495
2026-02-11 16:21:46,default,op-node-58b7579566-2kvqz,32,180
2026-02-11 16:21:46,default,validator-5c45f686bc-xh52r,35,32
2026-02-11 16:21:46,testing,contender-85bb797bc8-t27wl,45,46
2026-02-11 16:21:56,default,beacon-85cbbc7d7b-t2cbt,93,209
2026-02-11 16:21:56,default,el-584bddccc7-zndtx,12,49
2026-02-11 16:21:56,default,op-batcher-7ddcb69467-cvxjs,8,88
2026-02-11 16:21:56,default,op-geth-75f4676cdc-ffl7k,119,502
2026-02-11 16:21:56,default,op-node-58b7579566-2kvqz,29,180
2026-02-11 16:21:56,default,validator-5c45f686bc-xh52r,40,30
2026-02-11 16:21:56,testing,contender-85bb797bc8-t27wl,45,46
2026-02-11 16:22:06,default,beacon-85cbbc7d7b-t2cbt,93,209
2026-02-11 16:22:06,default,el-584bddccc7-zndtx,11,49
2026-02-11 16:22:06,default,op-batcher-7ddcb69467-cvxjs,12,94
2026-02-11 16:22:06,default,op-geth-75f4676cdc-ffl7k,122,503
2026-02-11 16:22:06,default,op-node-58b7579566-2kvqz,31,180
2026-02-11 16:22:06,default,validator-5c45f686bc-xh52r,37,29
2026-02-11 16:22:06,testing,contender-85bb797bc8-t27wl,45,53
2026-02-11 16:22:16,default,beacon-85cbbc7d7b-t2cbt,93,209
2026-02-11 16:22:16,default,el-584bddccc7-zndtx,11,49
2026-02-11 16:22:16,default,op-batcher-7ddcb69467-cvxjs,12,94
2026-02-11 16:22:16,default,op-geth-75f4676cdc-ffl7k,122,503
2026-02-11 16:22:16,default,op-node-58b7579566-2kvqz,31,180
2026-02-11 16:22:16,default,validator-5c45f686bc-xh52r,37,29
2026-02-11 16:22:16,testing,contender-85bb797bc8-t27wl,45,53
2026-02-11 16:22:26,default,beacon-85cbbc7d7b-t2cbt,59,209
2026-02-11 16:22:26,default,el-584bddccc7-zndtx,10,48
2026-02-11 16:22:26,default,op-batcher-7ddcb69467-cvxjs,7,94
2026-02-11 16:22:26,default,op-geth-75f4676cdc-ffl7k,143,518
2026-02-11 16:22:26,default,op-node-58b7579566-2kvqz,31,180
2026-02-11 16:22:26,default,validator-5c45f686bc-xh52r,36,31
2026-02-11 16:22:26,testing,contender-85bb797bc8-t27wl,143,33
2026-02-11 16:22:36,default,beacon-85cbbc7d7b-t2cbt,88,210
2026-02-11 16:22:36,default,el-584bddccc7-zndtx,12,51
2026-02-11 16:22:36,default,op-batcher-7ddcb69467-cvxjs,3,94
2026-02-11 16:22:36,default,op-geth-75f4676cdc-ffl7k,143,518
2026-02-11 16:22:36,default,op-node-58b7579566-2kvqz,27,180
2026-02-11 16:22:36,default,validator-5c45f686bc-xh52r,35,31
2026-02-11 16:22:36,testing,contender-85bb797bc8-t27wl,143,33
2026-02-11 16:22:47,default,beacon-85cbbc7d7b-t2cbt,88,210
2026-02-11 16:22:47,default,el-584bddccc7-zndtx,12,51
2026-02-11 16:22:47,default,op-batcher-7ddcb69467-cvxjs,3,94
2026-02-11 16:22:47,default,op-geth-75f4676cdc-ffl7k,143,518
2026-02-11 16:22:47,default,op-node-58b7579566-2kvqz,27,180
2026-02-11 16:22:47,default,validator-5c45f686bc-xh52r,35,31
2026-02-11 16:22:47,testing,contender-85bb797bc8-t27wl,143,33
2026-02-11 16:22:57,default,beacon-85cbbc7d7b-t2cbt,67,208
2026-02-11 16:22:57,default,el-584bddccc7-zndtx,11,51
2026-02-11 16:22:57,default,op-batcher-7ddcb69467-cvxjs,2,94
2026-02-11 16:22:57,default,op-geth-75f4676cdc-ffl7k,12,517
2026-02-11 16:22:57,default,op-node-58b7579566-2kvqz,25,180
2026-02-11 16:22:57,default,validator-5c45f686bc-xh52r,35,30
2026-02-11 16:22:57,testing,contender-85bb797bc8-t27wl,7,27
2026-02-11 16:23:07,default,beacon-85cbbc7d7b-t2cbt,64,208
2026-02-11 16:23:07,default,el-584bddccc7-zndtx,9,52
2026-02-11 16:23:07,default,op-batcher-7ddcb69467-cvxjs,2,94
2026-02-11 16:23:07,default,op-geth-75f4676cdc-ffl7k,10,517
2026-02-11 16:23:07,default,op-node-58b7579566-2kvqz,24,180
2026-02-11 16:23:07,default,validator-5c45f686bc-xh52r,35,32
2026-02-11 16:23:07,testing,contender-85bb797bc8-t27wl,8,29
2026-02-11 16:23:17,default,beacon-85cbbc7d7b-t2cbt,64,208
2026-02-11 16:23:17,default,el-584bddccc7-zndtx,9,52
2026-02-11 16:23:17,default,op-batcher-7ddcb69467-cvxjs,2,94
2026-02-11 16:23:17,default,op-geth-75f4676cdc-ffl7k,10,517
2026-02-11 16:23:17,default,op-node-58b7579566-2kvqz,24,180
2026-02-11 16:23:17,default,validator-5c45f686bc-xh52r,35,32
2026-02-11 16:23:17,testing,contender-85bb797bc8-t27wl,8,29
2026-02-11 16:23:27,default,beacon-85cbbc7d7b-t2cbt,86,207
2026-02-11 16:23:27,default,el-584bddccc7-zndtx,10,50
2026-02-11 16:23:27,default,op-batcher-7ddcb69467-cvxjs,2,95
2026-02-11 16:23:27,default,op-geth-75f4676cdc-ffl7k,10,517
2026-02-11 16:23:27,default,op-node-58b7579566-2kvqz,24,181
2026-02-11 16:23:27,default,validator-5c45f686bc-xh52r,37,32
2026-02-11 16:23:27,testing,contender-85bb797bc8-t27wl,19,33
2026-02-11 16:23:37,default,beacon-85cbbc7d7b-t2cbt,78,213
2026-02-11 16:23:37,default,el-584bddccc7-zndtx,10,48
2026-02-11 16:23:37,default,op-batcher-7ddcb69467-cvxjs,5,95
2026-02-11 16:23:37,default,op-geth-75f4676cdc-ffl7k,11,524
2026-02-11 16:23:37,default,op-node-58b7579566-2kvqz,27,181
2026-02-11 16:23:37,default,validator-5c45f686bc-xh52r,34,32
2026-02-11 16:23:37,testing,contender-85bb797bc8-t27wl,19,13
2026-02-11 16:23:47,default,beacon-85cbbc7d7b-t2cbt,78,213
2026-02-11 16:23:47,default,el-584bddccc7-zndtx,10,48
2026-02-11 16:23:47,default,op-batcher-7ddcb69467-cvxjs,5,95
2026-02-11 16:23:47,default,op-geth-75f4676cdc-ffl7k,11,524
2026-02-11 16:23:47,default,op-node-58b7579566-2kvqz,27,181
2026-02-11 16:23:47,default,validator-5c45f686bc-xh52r,34,32
2026-02-11 16:23:47,testing,contender-85bb797bc8-t27wl,19,13
2026-02-11 16:23:57,default,beacon-85cbbc7d7b-t2cbt,87,208
2026-02-11 16:23:57,default,el-584bddccc7-zndtx,11,47
2026-02-11 16:23:57,default,op-batcher-7ddcb69467-cvxjs,2,95
2026-02-11 16:23:57,default,op-geth-75f4676cdc-ffl7k,7,524
2026-02-11 16:23:57,default,op-node-58b7579566-2kvqz,22,181
2026-02-11 16:23:57,default,validator-5c45f686bc-xh52r,33,31
2026-02-11 16:23:57,testing,contender-85bb797bc8-t27wl,3,13
2026-02-11 16:24:08,default,beacon-85cbbc7d7b-t2cbt,87,208
2026-02-11 16:24:08,default,el-584bddccc7-zndtx,10,47
2026-02-11 16:24:08,default,op-batcher-7ddcb69467-cvxjs,2,95
2026-02-11 16:24:08,default,op-geth-75f4676cdc-ffl7k,10,515
2026-02-11 16:24:08,default,op-node-58b7579566-2kvqz,25,181
2026-02-11 16:24:08,default,validator-5c45f686bc-xh52r,41,31
2026-02-11 16:24:08,testing,contender-85bb797bc8-t27wl,2,13
2026-02-11 16:24:18,default,beacon-85cbbc7d7b-t2cbt,87,208
2026-02-11 16:24:18,default,el-584bddccc7-zndtx,10,47
2026-02-11 16:24:18,default,op-batcher-7ddcb69467-cvxjs,2,95
2026-02-11 16:24:18,default,op-geth-75f4676cdc-ffl7k,10,515
2026-02-11 16:24:18,default,op-node-58b7579566-2kvqz,25,181
2026-02-11 16:24:18,default,validator-5c45f686bc-xh52r,41,31
2026-02-11 16:24:18,testing,contender-85bb797bc8-t27wl,2,13
2026-02-11 16:24:28,default,beacon-85cbbc7d7b-t2cbt,56,208
2026-02-11 16:24:28,default,el-584bddccc7-zndtx,5,47
2026-02-11 16:24:28,default,op-batcher-7ddcb69467-cvxjs,2,95
2026-02-11 16:24:28,default,op-geth-75f4676cdc-ffl7k,8,515
2026-02-11 16:24:28,default,op-node-58b7579566-2kvqz,27,181
2026-02-11 16:24:28,default,validator-5c45f686bc-xh52r,41,31
2026-02-11 16:24:28,testing,contender-85bb797bc8-t27wl,3,13
2026-02-11 16:24:38,default,beacon-85cbbc7d7b-t2cbt,86,208
2026-02-11 16:24:38,default,el-584bddccc7-zndtx,12,46
2026-02-11 16:24:38,default,op-batcher-7ddcb69467-cvxjs,2,95
2026-02-11 16:24:38,default,op-geth-75f4676cdc-ffl7k,7,515
2026-02-11 16:24:38,default,op-node-58b7579566-2kvqz,23,181
2026-02-11 16:24:38,default,validator-5c45f686bc-xh52r,41,32
2026-02-11 16:24:38,testing,contender-85bb797bc8-t27wl,2,13
2026-02-11 16:24:48,default,beacon-85cbbc7d7b-t2cbt,86,208
2026-02-11 16:24:48,default,el-584bddccc7-zndtx,12,46
2026-02-11 16:24:48,default,op-batcher-7ddcb69467-cvxjs,2,95
2026-02-11 16:24:48,default,op-geth-75f4676cdc-ffl7k,7,515
2026-02-11 16:24:48,default,op-node-58b7579566-2kvqz,23,181
2026-02-11 16:24:48,default,validator-5c45f686bc-xh52r,41,32
2026-02-11 16:24:48,testing,contender-85bb797bc8-t27wl,2,13
2026-02-11 16:24:58,default,beacon-85cbbc7d7b-t2cbt,67,208
2026-02-11 16:24:58,default,el-584bddccc7-zndtx,10,47
2026-02-11 16:24:58,default,op-batcher-7ddcb69467-cvxjs,2,95
2026-02-11 16:24:58,default,op-geth-75f4676cdc-ffl7k,8,516
2026-02-11 16:24:58,default,op-node-58b7579566-2kvqz,22,184
2026-02-11 16:24:58,default,validator-5c45f686bc-xh52r,36,31
2026-02-11 16:24:58,testing,contender-85bb797bc8-t27wl,2,13
2026-02-11 16:25:08,default,beacon-85cbbc7d7b-t2cbt,85,208
2026-02-11 16:25:08,default,el-584bddccc7-zndtx,8,48
2026-02-11 16:25:08,default,op-batcher-7ddcb69467-cvxjs,2,96
2026-02-11 16:25:08,default,op-geth-75f4676cdc-ffl7k,8,516
2026-02-11 16:25:08,default,op-node-58b7579566-2kvqz,24,184
2026-02-11 16:25:08,default,validator-5c45f686bc-xh52r,44,30
2026-02-11 16:25:08,testing,contender-85bb797bc8-t27wl,3,13
2026-02-11 16:25:18,default,beacon-85cbbc7d7b-t2cbt,85,208
2026-02-11 16:25:18,default,el-584bddccc7-zndtx,8,48
2026-02-11 16:25:18,default,op-batcher-7ddcb69467-cvxjs,2,96
2026-02-11 16:25:18,default,op-geth-75f4676cdc-ffl7k,8,516
2026-02-11 16:25:18,default,op-node-58b7579566-2kvqz,24,184
2026-02-11 16:25:18,default,validator-5c45f686bc-xh52r,44,30
2026-02-11 16:25:18,testing,contender-85bb797bc8-t27wl,3,13
2026-02-11 16:25:28,default,beacon-85cbbc7d7b-t2cbt,68,207
2026-02-11 16:25:28,default,el-584bddccc7-zndtx,9,46
2026-02-11 16:25:28,default,op-batcher-7ddcb69467-cvxjs,2,97
2026-02-11 16:25:28,default,op-geth-75f4676cdc-ffl7k,8,516
2026-02-11 16:25:28,default,op-node-58b7579566-2kvqz,26,185
2026-02-11 16:25:28,default,validator-5c45f686bc-xh52r,37,30
2026-02-11 16:25:28,testing,contender-85bb797bc8-t27wl,2,13
2026-02-11 16:25:39,default,beacon-85cbbc7d7b-t2cbt,61,208
2026-02-11 16:25:39,default,el-584bddccc7-zndtx,12,46
2026-02-11 16:25:39,default,op-batcher-7ddcb69467-cvxjs,2,97
2026-02-11 16:25:39,default,op-geth-75f4676cdc-ffl7k,7,516
2026-02-11 16:25:39,default,op-node-58b7579566-2kvqz,28,184
2026-02-11 16:25:39,default,validator-5c45f686bc-xh52r,37,29
2026-02-11 16:25:39,testing,contender-85bb797bc8-t27wl,3,13
2026-02-11 16:25:49,default,beacon-85cbbc7d7b-t2cbt,61,208
2026-02-11 16:25:49,default,el-584bddccc7-zndtx,12,46
2026-02-11 16:25:49,default,op-batcher-7ddcb69467-cvxjs,2,97
2026-02-11 16:25:49,default,op-geth-75f4676cdc-ffl7k,7,516
2026-02-11 16:25:49,default,op-node-58b7579566-2kvqz,28,184
2026-02-11 16:25:49,default,validator-5c45f686bc-xh52r,37,29
2026-02-11 16:25:49,testing,contender-85bb797bc8-t27wl,3,13
2026-02-11 16:25:59,default,beacon-85cbbc7d7b-t2cbt,79,207
2026-02-11 16:25:59,default,el-584bddccc7-zndtx,9,46
2026-02-11 16:25:59,default,op-batcher-7ddcb69467-cvxjs,3,97
2026-02-11 16:25:59,default,op-geth-75f4676cdc-ffl7k,8,516
2026-02-11 16:25:59,default,op-node-58b7579566-2kvqz,28,184
2026-02-11 16:25:59,default,validator-5c45f686bc-xh52r,51,33
2026-02-11 16:25:59,testing,contender-85bb797bc8-t27wl,2,13
2026-02-11 16:26:09,default,beacon-85cbbc7d7b-t2cbt,63,208
2026-02-11 16:26:09,default,el-584bddccc7-zndtx,10,46
2026-02-11 16:26:09,default,op-batcher-7ddcb69467-cvxjs,2,97
2026-02-11 16:26:09,default,op-geth-75f4676cdc-ffl7k,7,517
2026-02-11 16:26:09,default,op-node-58b7579566-2kvqz,21,184
2026-02-11 16:26:09,default,validator-5c45f686bc-xh52r,37,33
2026-02-11 16:26:09,testing,contender-85bb797bc8-t27wl,2,13
2026-02-11 16:26:19,default,beacon-85cbbc7d7b-t2cbt,63,208
2026-02-11 16:26:19,default,el-584bddccc7-zndtx,10,46
2026-02-11 16:26:19,default,op-batcher-7ddcb69467-cvxjs,2,97
2026-02-11 16:26:19,default,op-geth-75f4676cdc-ffl7k,7,517
2026-02-11 16:26:19,default,op-node-58b7579566-2kvqz,21,184
2026-02-11 16:26:19,default,validator-5c45f686bc-xh52r,37,33
2026-02-11 16:26:19,testing,contender-85bb797bc8-t27wl,2,13
2026-02-11 16:26:29,default,beacon-85cbbc7d7b-t2cbt,84,208
2026-02-11 16:26:29,default,el-584bddccc7-zndtx,10,48
2026-02-11 16:26:29,default,op-batcher-7ddcb69467-cvxjs,2,97
2026-02-11 16:26:29,default,op-geth-75f4676cdc-ffl7k,11,511
2026-02-11 16:26:29,default,op-node-58b7579566-2kvqz,24,184
2026-02-11 16:26:29,default,validator-5c45f686bc-xh52r,35,31
2026-02-11 16:26:29,testing,contender-85bb797bc8-t27wl,3,13
2026-02-11 16:26:39,default,beacon-85cbbc7d7b-t2cbt,66,208
2026-02-11 16:26:39,default,el-584bddccc7-zndtx,7,48
2026-02-11 16:26:39,default,op-batcher-7ddcb69467-cvxjs,2,97
2026-02-11 16:26:39,default,op-geth-75f4676cdc-ffl7k,7,511
2026-02-11 16:26:39,default,op-node-58b7579566-2kvqz,24,185
2026-02-11 16:26:39,default,validator-5c45f686bc-xh52r,37,30
2026-02-11 16:26:39,testing,contender-85bb797bc8-t27wl,3,13
2026-02-11 16:26:49,default,beacon-85cbbc7d7b-t2cbt,66,208
2026-02-11 16:26:49,default,el-584bddccc7-zndtx,7,48
2026-02-11 16:26:49,default,op-batcher-7ddcb69467-cvxjs,2,97
2026-02-11 16:26:49,default,op-geth-75f4676cdc-ffl7k,7,511
2026-02-11 16:26:49,default,op-node-58b7579566-2kvqz,24,185
2026-02-11 16:26:49,default,validator-5c45f686bc-xh52r,37,30
2026-02-11 16:26:49,testing,contender-85bb797bc8-t27wl,3,13
2026-02-11 16:26:59,default,beacon-85cbbc7d7b-t2cbt,74,208
2026-02-11 16:26:59,default,el-584bddccc7-zndtx,13,48
2026-02-11 16:26:59,default,op-batcher-7ddcb69467-cvxjs,2,97
2026-02-11 16:26:59,default,op-geth-75f4676cdc-ffl7k,7,511
2026-02-11 16:26:59,default,op-node-58b7579566-2kvqz,20,184
2026-02-11 16:26:59,default,validator-5c45f686bc-xh52r,45,29
2026-02-11 16:26:59,testing,contender-85bb797bc8-t27wl,2,13
2026-02-11 16:27:10,default,beacon-85cbbc7d7b-t2cbt,84,207
2026-02-11 16:27:10,default,el-584bddccc7-zndtx,9,48
2026-02-11 16:27:10,default,op-batcher-7ddcb69467-cvxjs,12,98
2026-02-11 16:27:10,default,op-geth-75f4676cdc-ffl7k,7,511
2026-02-11 16:27:10,default,op-node-58b7579566-2kvqz,23,184
2026-02-11 16:27:10,default,validator-5c45f686bc-xh52r,37,30
2026-02-11 16:27:10,testing,contender-85bb797bc8-t27wl,125,109
2026-02-11 16:27:20,default,beacon-85cbbc7d7b-t2cbt,84,207
2026-02-11 16:27:20,default,el-584bddccc7-zndtx,9,48
2026-02-11 16:27:20,default,op-batcher-7ddcb69467-cvxjs,12,98
2026-02-11 16:27:20,default,op-geth-75f4676cdc-ffl7k,7,511
2026-02-11 16:27:20,default,op-node-58b7579566-2kvqz,23,184
2026-02-11 16:27:20,default,validator-5c45f686bc-xh52r,37,30
2026-02-11 16:27:20,testing,contender-85bb797bc8-t27wl,125,109
2026-02-11 16:27:30,default,beacon-85cbbc7d7b-t2cbt,84,208
2026-02-11 16:27:30,default,el-584bddccc7-zndtx,10,49
2026-02-11 16:27:30,default,op-batcher-7ddcb69467-cvxjs,17,98
2026-02-11 16:27:30,default,op-geth-75f4676cdc-ffl7k,227,514
2026-02-11 16:27:30,default,op-node-58b7579566-2kvqz,33,189
2026-02-11 16:27:30,default,validator-5c45f686bc-xh52r,37,30
2026-02-11 16:27:30,testing,contender-85bb797bc8-t27wl,99,108
2026-02-11 16:27:40,default,beacon-85cbbc7d7b-t2cbt,79,209
2026-02-11 16:27:40,default,el-584bddccc7-zndtx,14,50
2026-02-11 16:27:40,default,op-batcher-7ddcb69467-cvxjs,21,103
2026-02-11 16:27:40,default,op-geth-75f4676cdc-ffl7k,267,521
2026-02-11 16:27:40,default,op-node-58b7579566-2kvqz,35,198
2026-02-11 16:27:40,default,validator-5c45f686bc-xh52r,42,31
2026-02-11 16:27:40,testing,contender-85bb797bc8-t27wl,97,108
2026-02-11 16:27:50,default,beacon-85cbbc7d7b-t2cbt,83,210
2026-02-11 16:27:50,default,el-584bddccc7-zndtx,10,52
2026-02-11 16:27:50,default,op-batcher-7ddcb69467-cvxjs,23,111
2026-02-11 16:27:50,default,op-geth-75f4676cdc-ffl7k,284,535
2026-02-11 16:27:50,default,op-node-58b7579566-2kvqz,35,198
2026-02-11 16:27:50,default,validator-5c45f686bc-xh52r,45,31
2026-02-11 16:27:50,testing,contender-85bb797bc8-t27wl,96,109
2026-02-11 16:28:00,default,beacon-85cbbc7d7b-t2cbt,83,210
2026-02-11 16:28:00,default,el-584bddccc7-zndtx,10,52
2026-02-11 16:28:00,default,op-batcher-7ddcb69467-cvxjs,23,111
2026-02-11 16:28:00,default,op-geth-75f4676cdc-ffl7k,284,535
2026-02-11 16:28:00,default,op-node-58b7579566-2kvqz,35,198
2026-02-11 16:28:00,default,validator-5c45f686bc-xh52r,45,31
2026-02-11 16:28:00,testing,contender-85bb797bc8-t27wl,96,109
2026-02-11 16:28:10,default,beacon-85cbbc7d7b-t2cbt,62,208
2026-02-11 16:28:10,default,el-584bddccc7-zndtx,10,54
2026-02-11 16:28:10,default,op-batcher-7ddcb69467-cvxjs,18,112
2026-02-11 16:28:10,default,op-geth-75f4676cdc-ffl7k,288,544
2026-02-11 16:28:10,default,op-node-58b7579566-2kvqz,42,209
2026-02-11 16:28:10,default,validator-5c45f686bc-xh52r,45,31
2026-02-11 16:28:10,testing,contender-85bb797bc8-t27wl,95,109
2026-02-11 16:28:20,default,beacon-85cbbc7d7b-t2cbt,87,209
2026-02-11 16:28:20,default,el-584bddccc7-zndtx,13,52
2026-02-11 16:28:20,default,op-batcher-7ddcb69467-cvxjs,25,118
2026-02-11 16:28:20,default,op-geth-75f4676cdc-ffl7k,282,560
2026-02-11 16:28:20,default,op-node-58b7579566-2kvqz,38,207
2026-02-11 16:28:20,default,validator-5c45f686bc-xh52r,40,31
2026-02-11 16:28:20,testing,contender-85bb797bc8-t27wl,94,109
2026-02-11 16:28:31,default,beacon-85cbbc7d7b-t2cbt,87,209
2026-02-11 16:28:31,default,el-584bddccc7-zndtx,13,52
2026-02-11 16:28:31,default,op-batcher-7ddcb69467-cvxjs,25,118
2026-02-11 16:28:31,default,op-geth-75f4676cdc-ffl7k,282,560
2026-02-11 16:28:31,default,op-node-58b7579566-2kvqz,38,207
2026-02-11 16:28:31,default,validator-5c45f686bc-xh52r,40,31
2026-02-11 16:28:31,testing,contender-85bb797bc8-t27wl,94,109
2026-02-11 16:28:41,default,beacon-85cbbc7d7b-t2cbt,68,212
2026-02-11 16:28:41,default,el-584bddccc7-zndtx,11,50
2026-02-11 16:28:41,default,op-batcher-7ddcb69467-cvxjs,19,118
2026-02-11 16:28:41,default,op-geth-75f4676cdc-ffl7k,281,583
2026-02-11 16:28:41,default,op-node-58b7579566-2kvqz,42,207
2026-02-11 16:28:41,default,validator-5c45f686bc-xh52r,37,33
2026-02-11 16:28:41,testing,contender-85bb797bc8-t27wl,94,110
2026-02-11 16:28:51,default,beacon-85cbbc7d7b-t2cbt,67,211
2026-02-11 16:28:51,default,el-584bddccc7-zndtx,10,52
2026-02-11 16:28:51,default,op-batcher-7ddcb69467-cvxjs,22,125
2026-02-11 16:28:51,default,op-geth-75f4676cdc-ffl7k,279,585
2026-02-11 16:28:51,default,op-node-58b7579566-2kvqz,43,207
2026-02-11 16:28:51,default,validator-5c45f686bc-xh52r,39,31
2026-02-11 16:28:51,testing,contender-85bb797bc8-t27wl,94,110
2026-02-11 16:29:01,default,beacon-85cbbc7d7b-t2cbt,67,211
2026-02-11 16:29:01,default,el-584bddccc7-zndtx,10,52
2026-02-11 16:29:01,default,op-batcher-7ddcb69467-cvxjs,22,125
2026-02-11 16:29:01,default,op-geth-75f4676cdc-ffl7k,279,585
2026-02-11 16:29:01,default,op-node-58b7579566-2kvqz,43,207
2026-02-11 16:29:01,default,validator-5c45f686bc-xh52r,39,31
2026-02-11 16:29:01,testing,contender-85bb797bc8-t27wl,94,110
2026-02-11 16:29:11,default,beacon-85cbbc7d7b-t2cbt,103,211
2026-02-11 16:29:11,default,el-584bddccc7-zndtx,9,53
2026-02-11 16:29:11,default,op-batcher-7ddcb69467-cvxjs,19,125
2026-02-11 16:29:11,default,op-geth-75f4676cdc-ffl7k,294,598
2026-02-11 16:29:11,default,op-node-58b7579566-2kvqz,38,207
2026-02-11 16:29:11,default,validator-5c45f686bc-xh52r,31,33
2026-02-11 16:29:11,testing,contender-85bb797bc8-t27wl,95,110
2026-02-11 16:29:21,default,beacon-85cbbc7d7b-t2cbt,64,210
2026-02-11 16:29:21,default,el-584bddccc7-zndtx,16,52
2026-02-11 16:29:21,default,op-batcher-7ddcb69467-cvxjs,21,132
2026-02-11 16:29:21,default,op-geth-75f4676cdc-ffl7k,284,603
2026-02-11 16:29:21,default,op-node-58b7579566-2kvqz,38,209
2026-02-11 16:29:21,default,validator-5c45f686bc-xh52r,35,32
2026-02-11 16:29:21,testing,contender-85bb797bc8-t27wl,96,114
2026-02-11 16:29:31,default,beacon-85cbbc7d7b-t2cbt,64,210
2026-02-11 16:29:31,default,el-584bddccc7-zndtx,16,52
2026-02-11 16:29:31,default,op-batcher-7ddcb69467-cvxjs,21,132
2026-02-11 16:29:31,default,op-geth-75f4676cdc-ffl7k,284,603
2026-02-11 16:29:31,default,op-node-58b7579566-2kvqz,38,209
2026-02-11 16:29:31,default,validator-5c45f686bc-xh52r,35,32
2026-02-11 16:29:31,testing,contender-85bb797bc8-t27wl,96,114
2026-02-11 16:29:41,default,beacon-85cbbc7d7b-t2cbt,71,212
2026-02-11 16:29:41,default,el-584bddccc7-zndtx,10,53
2026-02-11 16:29:41,default,op-batcher-7ddcb69467-cvxjs,26,143
2026-02-11 16:29:41,default,op-geth-75f4676cdc-ffl7k,280,604
2026-02-11 16:29:41,default,op-node-58b7579566-2kvqz,45,210
2026-02-11 16:29:41,default,validator-5c45f686bc-xh52r,36,32
2026-02-11 16:29:41,testing,contender-85bb797bc8-t27wl,94,114
2026-02-11 16:29:52,default,beacon-85cbbc7d7b-t2cbt,87,211
2026-02-11 16:29:52,default,el-584bddccc7-zndtx,11,52
2026-02-11 16:29:52,default,op-batcher-7ddcb69467-cvxjs,18,143
2026-02-11 16:29:52,default,op-geth-75f4676cdc-ffl7k,282,607
2026-02-11 16:29:52,default,op-node-58b7579566-2kvqz,50,210
2026-02-11 16:29:52,default,validator-5c45f686bc-xh52r,34,32
2026-02-11 16:29:52,testing,contender-85bb797bc8-t27wl,94,115
2026-02-11 16:30:02,default,beacon-85cbbc7d7b-t2cbt,87,211
2026-02-11 16:30:02,default,el-584bddccc7-zndtx,11,52
2026-02-11 16:30:02,default,op-batcher-7ddcb69467-cvxjs,18,143
2026-02-11 16:30:02,default,op-geth-75f4676cdc-ffl7k,282,607
2026-02-11 16:30:02,default,op-node-58b7579566-2kvqz,50,210
2026-02-11 16:30:02,default,validator-5c45f686bc-xh52r,34,32
2026-02-11 16:30:02,testing,contender-85bb797bc8-t27wl,94,115
2026-02-11 16:30:12,default,beacon-85cbbc7d7b-t2cbt,90,212
2026-02-11 16:30:12,default,el-584bddccc7-zndtx,13,52
2026-02-11 16:30:12,default,op-batcher-7ddcb69467-cvxjs,18,152
2026-02-11 16:30:12,default,op-geth-75f4676cdc-ffl7k,293,609
2026-02-11 16:30:12,default,op-node-58b7579566-2kvqz,37,212
2026-02-11 16:30:12,default,validator-5c45f686bc-xh52r,34,32
2026-02-11 16:30:12,testing,contender-85bb797bc8-t27wl,95,115
2026-02-11 16:30:22,default,beacon-85cbbc7d7b-t2cbt,69,218
2026-02-11 16:30:22,default,el-584bddccc7-zndtx,13,54
2026-02-11 16:30:22,default,op-batcher-7ddcb69467-cvxjs,24,165
2026-02-11 16:30:22,default,op-geth-75f4676cdc-ffl7k,279,617
2026-02-11 16:30:22,default,op-node-58b7579566-2kvqz,39,212
2026-02-11 16:30:22,default,validator-5c45f686bc-xh52r,41,32
2026-02-11 16:30:22,testing,contender-85bb797bc8-t27wl,96,115
2026-02-11 16:30:32,default,beacon-85cbbc7d7b-t2cbt,69,218
2026-02-11 16:30:32,default,el-584bddccc7-zndtx,13,54
2026-02-11 16:30:32,default,op-batcher-7ddcb69467-cvxjs,24,165
2026-02-11 16:30:32,default,op-geth-75f4676cdc-ffl7k,279,617
2026-02-11 16:30:32,default,op-node-58b7579566-2kvqz,39,212
2026-02-11 16:30:32,default,validator-5c45f686bc-xh52r,41,32
2026-02-11 16:30:32,testing,contender-85bb797bc8-t27wl,96,115
2026-02-11 16:30:42,default,beacon-85cbbc7d7b-t2cbt,69,214
2026-02-11 16:30:42,default,el-584bddccc7-zndtx,10,54
2026-02-11 16:30:42,default,op-batcher-7ddcb69467-cvxjs,19,165
2026-02-11 16:30:42,default,op-geth-75f4676cdc-ffl7k,285,633
2026-02-11 16:30:42,default,op-node-58b7579566-2kvqz,42,218
2026-02-11 16:30:42,default,validator-5c45f686bc-xh52r,43,32
2026-02-11 16:30:42,testing,contender-85bb797bc8-t27wl,96,116
2026-02-11 16:30:52,default,beacon-85cbbc7d7b-t2cbt,110,215
2026-02-11 16:30:52,default,el-584bddccc7-zndtx,11,52
2026-02-11 16:30:52,default,op-batcher-7ddcb69467-cvxjs,24,180
2026-02-11 16:30:52,default,op-geth-75f4676cdc-ffl7k,285,633
2026-02-11 16:30:52,default,op-node-58b7579566-2kvqz,42,221
2026-02-11 16:30:52,default,validator-5c45f686bc-xh52r,41,32
2026-02-11 16:30:52,testing,contender-85bb797bc8-t27wl,95,116
2026-02-11 16:31:02,default,beacon-85cbbc7d7b-t2cbt,110,215
2026-02-11 16:31:02,default,el-584bddccc7-zndtx,11,52
2026-02-11 16:31:02,default,op-batcher-7ddcb69467-cvxjs,24,180
2026-02-11 16:31:02,default,op-geth-75f4676cdc-ffl7k,285,633
2026-02-11 16:31:02,default,op-node-58b7579566-2kvqz,42,221
2026-02-11 16:31:02,default,validator-5c45f686bc-xh52r,41,32
2026-02-11 16:31:02,testing,contender-85bb797bc8-t27wl,95,116
2026-02-11 16:31:13,default,beacon-85cbbc7d7b-t2cbt,59,213
2026-02-11 16:31:13,default,el-584bddccc7-zndtx,10,52
2026-02-11 16:31:13,default,op-batcher-7ddcb69467-cvxjs,17,180
2026-02-11 16:31:13,default,op-geth-75f4676cdc-ffl7k,283,632
2026-02-11 16:31:13,default,op-node-58b7579566-2kvqz,46,221
2026-02-11 16:31:13,default,validator-5c45f686bc-xh52r,44,33
2026-02-11 16:31:13,testing,contender-85bb797bc8-t27wl,94,116
2026-02-11 16:31:23,default,beacon-85cbbc7d7b-t2cbt,74,215
2026-02-11 16:31:23,default,el-584bddccc7-zndtx,10,52
2026-02-11 16:31:23,default,op-batcher-7ddcb69467-cvxjs,18,181
2026-02-11 16:31:23,default,op-geth-75f4676cdc-ffl7k,398,575
2026-02-11 16:31:23,default,op-node-58b7579566-2kvqz,46,221
2026-02-11 16:31:23,default,validator-5c45f686bc-xh52r,38,35
2026-02-11 16:31:23,testing,contender-85bb797bc8-t27wl,95,116
2026-02-11 16:31:33,default,beacon-85cbbc7d7b-t2cbt,74,215
2026-02-11 16:31:33,default,el-584bddccc7-zndtx,10,52
2026-02-11 16:31:33,default,op-batcher-7ddcb69467-cvxjs,18,181
2026-02-11 16:31:33,default,op-geth-75f4676cdc-ffl7k,398,575
2026-02-11 16:31:33,default,op-node-58b7579566-2kvqz,46,221
2026-02-11 16:31:33,default,validator-5c45f686bc-xh52r,38,35
2026-02-11 16:31:33,testing,contender-85bb797bc8-t27wl,95,116
2026-02-11 16:31:43,default,beacon-85cbbc7d7b-t2cbt,91,215
2026-02-11 16:31:43,default,el-584bddccc7-zndtx,10,54
2026-02-11 16:31:43,default,op-batcher-7ddcb69467-cvxjs,27,192
2026-02-11 16:31:43,default,op-geth-75f4676cdc-ffl7k,274,591
2026-02-11 16:31:43,default,op-node-58b7579566-2kvqz,35,221
2026-02-11 16:31:43,default,validator-5c45f686bc-xh52r,48,34
2026-02-11 16:31:43,testing,contender-85bb797bc8-t27wl,92,117
2026-02-11 16:31:53,default,beacon-85cbbc7d7b-t2cbt,76,214
2026-02-11 16:31:53,default,el-584bddccc7-zndtx,14,55
2026-02-11 16:31:53,default,op-batcher-7ddcb69467-cvxjs,20,192
2026-02-11 16:31:53,default,op-geth-75f4676cdc-ffl7k,296,581
2026-02-11 16:31:53,default,op-node-58b7579566-2kvqz,45,223
2026-02-11 16:31:53,default,validator-5c45f686bc-xh52r,44,32
2026-02-11 16:31:53,testing,contender-85bb797bc8-t27wl,93,117
2026-02-11 16:32:03,default,beacon-85cbbc7d7b-t2cbt,76,214
2026-02-11 16:32:03,default,el-584bddccc7-zndtx,14,55
2026-02-11 16:32:03,default,op-batcher-7ddcb69467-cvxjs,20,192
2026-02-11 16:32:03,default,op-geth-75f4676cdc-ffl7k,296,581
2026-02-11 16:32:03,default,op-node-58b7579566-2kvqz,45,223
2026-02-11 16:32:03,default,validator-5c45f686bc-xh52r,44,32
2026-02-11 16:32:03,testing,contender-85bb797bc8-t27wl,93,117
2026-02-11 16:32:13,default,beacon-85cbbc7d7b-t2cbt,68,213
2026-02-11 16:32:13,default,el-584bddccc7-zndtx,14,55
2026-02-11 16:32:13,default,op-batcher-7ddcb69467-cvxjs,18,192
2026-02-11 16:32:13,default,op-geth-75f4676cdc-ffl7k,274,588
2026-02-11 16:32:13,default,op-node-58b7579566-2kvqz,42,231
2026-02-11 16:32:13,default,validator-5c45f686bc-xh52r,28,31
2026-02-11 16:32:13,testing,contender-85bb797bc8-t27wl,93,117
2026-02-11 16:32:23,default,beacon-85cbbc7d7b-t2cbt,84,214
2026-02-11 16:32:23,default,el-584bddccc7-zndtx,11,54
2026-02-11 16:32:23,default,op-batcher-7ddcb69467-cvxjs,19,206
2026-02-11 16:32:23,default,op-geth-75f4676cdc-ffl7k,289,634
2026-02-11 16:32:23,default,op-node-58b7579566-2kvqz,42,231
2026-02-11 16:32:23,default,validator-5c45f686bc-xh52r,42,35
2026-02-11 16:32:23,testing,contender-85bb797bc8-t27wl,193,133
2026-02-11 16:32:34,default,beacon-85cbbc7d7b-t2cbt,84,214
2026-02-11 16:32:34,default,el-584bddccc7-zndtx,11,54
2026-02-11 16:32:34,default,op-batcher-7ddcb69467-cvxjs,19,206
2026-02-11 16:32:34,default,op-geth-75f4676cdc-ffl7k,289,634
2026-02-11 16:32:34,default,op-node-58b7579566-2kvqz,42,231
2026-02-11 16:32:34,default,validator-5c45f686bc-xh52r,42,35
2026-02-11 16:32:34,testing,contender-85bb797bc8-t27wl,193,133
2026-02-11 16:32:44,default,beacon-85cbbc7d7b-t2cbt,72,214
2026-02-11 16:32:44,default,el-584bddccc7-zndtx,11,54
2026-02-11 16:32:44,default,op-batcher-7ddcb69467-cvxjs,16,215
2026-02-11 16:32:44,default,op-geth-75f4676cdc-ffl7k,432,670
2026-02-11 16:32:44,default,op-node-58b7579566-2kvqz,37,231
2026-02-11 16:32:44,default,validator-5c45f686bc-xh52r,49,33
2026-02-11 16:32:44,testing,contender-85bb797bc8-t27wl,545,203
2026-02-11 16:32:54,default,beacon-85cbbc7d7b-t2cbt,70,217
2026-02-11 16:32:54,default,el-584bddccc7-zndtx,12,53
2026-02-11 16:32:54,default,op-batcher-7ddcb69467-cvxjs,4,215
2026-02-11 16:32:54,default,op-geth-75f4676cdc-ffl7k,3152,633
2026-02-11 16:32:54,default,op-node-58b7579566-2kvqz,27,231
2026-02-11 16:32:54,default,validator-5c45f686bc-xh52r,34,31
2026-02-11 16:32:54,testing,contender-85bb797bc8-t27wl,563,289
2026-02-11 16:33:04,default,beacon-85cbbc7d7b-t2cbt,70,217
2026-02-11 16:33:04,default,el-584bddccc7-zndtx,12,53
2026-02-11 16:33:04,default,op-batcher-7ddcb69467-cvxjs,4,215
2026-02-11 16:33:04,default,op-geth-75f4676cdc-ffl7k,3152,633
2026-02-11 16:33:04,default,op-node-58b7579566-2kvqz,27,231
2026-02-11 16:33:04,default,validator-5c45f686bc-xh52r,34,31
2026-02-11 16:33:04,testing,contender-85bb797bc8-t27wl,563,289
2026-02-11 16:33:14,default,beacon-85cbbc7d7b-t2cbt,69,216
2026-02-11 16:33:14,default,el-584bddccc7-zndtx,11,54
2026-02-11 16:33:14,default,op-batcher-7ddcb69467-cvxjs,4,215
2026-02-11 16:33:14,default,op-geth-75f4676cdc-ffl7k,3457,602
2026-02-11 16:33:14,default,op-node-58b7579566-2kvqz,25,231
2026-02-11 16:33:14,default,validator-5c45f686bc-xh52r,39,33
2026-02-11 16:33:14,testing,contender-85bb797bc8-t27wl,230,351
2026-02-11 16:33:24,default,beacon-85cbbc7d7b-t2cbt,109,216
2026-02-11 16:33:24,default,el-584bddccc7-zndtx,10,54
2026-02-11 16:33:24,default,op-batcher-7ddcb69467-cvxjs,6,217
2026-02-11 16:33:24,default,op-geth-75f4676cdc-ffl7k,3470,638
2026-02-11 16:33:24,default,op-node-58b7579566-2kvqz,30,231
2026-02-11 16:33:24,default,validator-5c45f686bc-xh52r,37,31
2026-02-11 16:33:24,testing,contender-85bb797bc8-t27wl,231,403
2026-02-11 16:33:34,default,beacon-85cbbc7d7b-t2cbt,109,216
2026-02-11 16:33:34,default,el-584bddccc7-zndtx,10,54
2026-02-11 16:33:34,default,op-batcher-7ddcb69467-cvxjs,6,217
2026-02-11 16:33:34,default,op-geth-75f4676cdc-ffl7k,3470,638
2026-02-11 16:33:34,default,op-node-58b7579566-2kvqz,30,231
2026-02-11 16:33:34,default,validator-5c45f686bc-xh52r,37,31
2026-02-11 16:33:34,testing,contender-85bb797bc8-t27wl,231,403
2026-02-11 16:33:45,default,beacon-85cbbc7d7b-t2cbt,61,214
2026-02-11 16:33:45,default,el-584bddccc7-zndtx,14,55
2026-02-11 16:33:45,default,op-batcher-7ddcb69467-cvxjs,2,217
2026-02-11 16:33:45,default,op-geth-75f4676cdc-ffl7k,3423,650
2026-02-11 16:33:45,default,op-node-58b7579566-2kvqz,32,231
2026-02-11 16:33:45,default,validator-5c45f686bc-xh52r,37,32
2026-02-11 16:33:45,testing,contender-85bb797bc8-t27wl,221,449
2026-02-11 16:33:55,default,beacon-85cbbc7d7b-t2cbt,92,215
2026-02-11 16:33:55,default,el-584bddccc7-zndtx,11,56
2026-02-11 16:33:55,default,op-batcher-7ddcb69467-cvxjs,7,217
2026-02-11 16:33:55,default,op-geth-75f4676cdc-ffl7k,3419,613
2026-02-11 16:33:55,default,op-node-58b7579566-2kvqz,30,231
2026-02-11 16:33:55,default,validator-5c45f686bc-xh52r,44,33
2026-02-11 16:33:55,testing,contender-85bb797bc8-t27wl,306,574
2026-02-11 16:34:05,default,beacon-85cbbc7d7b-t2cbt,92,215
2026-02-11 16:34:05,default,el-584bddccc7-zndtx,11,56
2026-02-11 16:34:05,default,op-batcher-7ddcb69467-cvxjs,7,217
2026-02-11 16:34:05,default,op-geth-75f4676cdc-ffl7k,3419,613
2026-02-11 16:34:05,default,op-node-58b7579566-2kvqz,30,231
2026-02-11 16:34:05,default,validator-5c45f686bc-xh52r,44,33
2026-02-11 16:34:05,testing,contender-85bb797bc8-t27wl,306,574
2026-02-11 16:34:15,default,beacon-85cbbc7d7b-t2cbt,92,215
2026-02-11 16:34:15,default,el-584bddccc7-zndtx,11,56
2026-02-11 16:34:15,default,op-batcher-7ddcb69467-cvxjs,5,217
2026-02-11 16:34:15,default,op-geth-75f4676cdc-ffl7k,3457,657
2026-02-11 16:34:15,default,op-node-58b7579566-2kvqz,30,231
2026-02-11 16:34:15,default,validator-5c45f686bc-xh52r,44,33
2026-02-11 16:34:15,testing,contender-85bb797bc8-t27wl,274,636
2026-02-11 16:34:25,default,beacon-85cbbc7d7b-t2cbt,67,215
2026-02-11 16:34:25,default,el-584bddccc7-zndtx,10,56
2026-02-11 16:34:25,default,op-batcher-7ddcb69467-cvxjs,6,214
2026-02-11 16:34:25,default,op-geth-75f4676cdc-ffl7k,3466,689
2026-02-11 16:34:25,default,op-node-58b7579566-2kvqz,32,232
2026-02-11 16:34:25,default,validator-5c45f686bc-xh52r,38,31
2026-02-11 16:34:25,testing,contender-85bb797bc8-t27wl,212,675
2026-02-11 16:34:35,default,beacon-85cbbc7d7b-t2cbt,67,215
2026-02-11 16:34:35,default,el-584bddccc7-zndtx,12,55
2026-02-11 16:34:35,default,op-batcher-7ddcb69467-cvxjs,6,214
2026-02-11 16:34:35,default,op-geth-75f4676cdc-ffl7k,3510,724
2026-02-11 16:34:35,default,op-node-58b7579566-2kvqz,27,232
2026-02-11 16:34:35,default,validator-5c45f686bc-xh52r,38,31
2026-02-11 16:34:35,testing,contender-85bb797bc8-t27wl,188,706
2026-02-11 16:34:45,default,beacon-85cbbc7d7b-t2cbt,67,215
2026-02-11 16:34:45,default,el-584bddccc7-zndtx,12,55
2026-02-11 16:34:45,default,op-batcher-7ddcb69467-cvxjs,6,214
2026-02-11 16:34:45,default,op-geth-75f4676cdc-ffl7k,3510,724
2026-02-11 16:34:45,default,op-node-58b7579566-2kvqz,27,232
2026-02-11 16:34:45,default,validator-5c45f686bc-xh52r,38,31
2026-02-11 16:34:45,testing,contender-85bb797bc8-t27wl,188,706
2026-02-11 16:34:56,default,beacon-85cbbc7d7b-t2cbt,87,215
2026-02-11 16:34:56,default,el-584bddccc7-zndtx,12,55
2026-02-11 16:34:56,default,op-batcher-7ddcb69467-cvxjs,6,214
2026-02-11 16:34:56,default,op-geth-75f4676cdc-ffl7k,3499,720
2026-02-11 16:34:56,default,op-node-58b7579566-2kvqz,30,232
2026-02-11 16:34:56,default,validator-5c45f686bc-xh52r,41,34
2026-02-11 16:34:56,testing,contender-85bb797bc8-t27wl,184,749
2026-02-11 16:35:06,default,beacon-85cbbc7d7b-t2cbt,73,216
2026-02-11 16:35:06,default,el-584bddccc7-zndtx,11,56
2026-02-11 16:35:06,default,op-batcher-7ddcb69467-cvxjs,4,214
2026-02-11 16:35:06,default,op-geth-75f4676cdc-ffl7k,3489,762
2026-02-11 16:35:06,default,op-node-58b7579566-2kvqz,31,232
2026-02-11 16:35:06,default,validator-5c45f686bc-xh52r,31,33
2026-02-11 16:35:06,testing,contender-85bb797bc8-t27wl,196,793
2026-02-11 16:35:16,default,beacon-85cbbc7d7b-t2cbt,73,216
2026-02-11 16:35:16,default,el-584bddccc7-zndtx,11,56
2026-02-11 16:35:16,default,op-batcher-7ddcb69467-cvxjs,4,214
2026-02-11 16:35:16,default,op-geth-75f4676cdc-ffl7k,3489,762
2026-02-11 16:35:16,default,op-node-58b7579566-2kvqz,31,232
2026-02-11 16:35:16,default,validator-5c45f686bc-xh52r,31,33
2026-02-11 16:35:16,testing,contender-85bb797bc8-t27wl,196,793
2026-02-11 16:35:26,default,beacon-85cbbc7d7b-t2cbt,66,214
2026-02-11 16:35:26,default,el-584bddccc7-zndtx,12,55
2026-02-11 16:35:26,default,op-batcher-7ddcb69467-cvxjs,7,104
2026-02-11 16:35:26,default,op-geth-75f4676cdc-ffl7k,3519,738
2026-02-11 16:35:26,default,op-node-58b7579566-2kvqz,24,232
2026-02-11 16:35:26,default,validator-5c45f686bc-xh52r,35,33
2026-02-11 16:35:26,testing,contender-85bb797bc8-t27wl,188,830
2026-02-11 16:35:36,default,beacon-85cbbc7d7b-t2cbt,87,215
2026-02-11 16:35:36,default,el-584bddccc7-zndtx,10,58
2026-02-11 16:35:36,default,op-batcher-7ddcb69467-cvxjs,5,104
2026-02-11 16:35:36,default,op-geth-75f4676cdc-ffl7k,3517,792
2026-02-11 16:35:36,default,op-node-58b7579566-2kvqz,32,232
2026-02-11 16:35:36,default,validator-5c45f686bc-xh52r,32,32
2026-02-11 16:35:36,testing,contender-85bb797bc8-t27wl,194,875
2026-02-11 16:35:46,default,beacon-85cbbc7d7b-t2cbt,87,215
2026-02-11 16:35:46,default,el-584bddccc7-zndtx,10,58
2026-02-11 16:35:46,default,op-batcher-7ddcb69467-cvxjs,5,104
2026-02-11 16:35:46,default,op-geth-75f4676cdc-ffl7k,3517,792
2026-02-11 16:35:46,default,op-node-58b7579566-2kvqz,32,232
2026-02-11 16:35:46,default,validator-5c45f686bc-xh52r,32,32
2026-02-11 16:35:46,testing,contender-85bb797bc8-t27wl,194,875
2026-02-11 16:35:57,default,beacon-85cbbc7d7b-t2cbt,78,216
2026-02-11 16:35:57,default,el-584bddccc7-zndtx,12,58
2026-02-11 16:35:57,default,op-batcher-7ddcb69467-cvxjs,5,106
2026-02-11 16:35:57,default,op-geth-75f4676cdc-ffl7k,3515,819
2026-02-11 16:35:57,default,op-node-58b7579566-2kvqz,36,230
2026-02-11 16:35:57,default,validator-5c45f686bc-xh52r,37,33
2026-02-11 16:35:57,testing,contender-85bb797bc8-t27wl,194,875
2026-02-11 16:36:07,default,beacon-85cbbc7d7b-t2cbt,78,216
2026-02-11 16:36:07,default,el-584bddccc7-zndtx,12,57
2026-02-11 16:36:07,default,op-batcher-7ddcb69467-cvxjs,4,107
2026-02-11 16:36:07,default,op-geth-75f4676cdc-ffl7k,3538,746
2026-02-11 16:36:07,default,op-node-58b7579566-2kvqz,29,230
2026-02-11 16:36:07,default,validator-5c45f686bc-xh52r,28,31
2026-02-11 16:36:07,testing,contender-85bb797bc8-t27wl,181,924
2026-02-11 16:36:17,default,beacon-85cbbc7d7b-t2cbt,78,216
2026-02-11 16:36:17,default,el-584bddccc7-zndtx,12,57
2026-02-11 16:36:17,default,op-batcher-7ddcb69467-cvxjs,4,107
2026-02-11 16:36:17,default,op-geth-75f4676cdc-ffl7k,3538,746
2026-02-11 16:36:17,default,op-node-58b7579566-2kvqz,29,230
2026-02-11 16:36:17,default,validator-5c45f686bc-xh52r,28,31
2026-02-11 16:36:17,testing,contender-85bb797bc8-t27wl,181,924
2026-02-11 16:36:27,default,beacon-85cbbc7d7b-t2cbt,71,218
2026-02-11 16:36:27,default,el-584bddccc7-zndtx,14,58
2026-02-11 16:36:27,default,op-batcher-7ddcb69467-cvxjs,5,108
2026-02-11 16:36:27,default,op-geth-75f4676cdc-ffl7k,3523,772
2026-02-11 16:36:27,default,op-node-58b7579566-2kvqz,25,230
2026-02-11 16:36:27,default,validator-5c45f686bc-xh52r,28,31
2026-02-11 16:36:27,testing,contender-85bb797bc8-t27wl,189,968
2026-02-11 16:36:37,default,beacon-85cbbc7d7b-t2cbt,71,218
2026-02-11 16:36:37,default,el-584bddccc7-zndtx,7,57
2026-02-11 16:36:37,default,op-batcher-7ddcb69467-cvxjs,8,107
2026-02-11 16:36:37,default,op-geth-75f4676cdc-ffl7k,3483,769
2026-02-11 16:36:37,default,op-node-58b7579566-2kvqz,31,230
2026-02-11 16:36:37,default,validator-5c45f686bc-xh52r,38,34
2026-02-11 16:36:37,testing,contender-85bb797bc8-t27wl,190,1018
2026-02-11 16:36:47,default,beacon-85cbbc7d7b-t2cbt,71,218
2026-02-11 16:36:47,default,el-584bddccc7-zndtx,7,57
2026-02-11 16:36:47,default,op-batcher-7ddcb69467-cvxjs,8,107
2026-02-11 16:36:47,default,op-geth-75f4676cdc-ffl7k,3483,769
2026-02-11 16:36:47,default,op-node-58b7579566-2kvqz,31,230
2026-02-11 16:36:47,default,validator-5c45f686bc-xh52r,38,34
2026-02-11 16:36:47,testing,contender-85bb797bc8-t27wl,190,1018
2026-02-11 16:36:57,default,beacon-85cbbc7d7b-t2cbt,97,216
2026-02-11 16:36:57,default,el-584bddccc7-zndtx,11,56
2026-02-11 16:36:57,default,op-batcher-7ddcb69467-cvxjs,4,107
2026-02-11 16:36:57,default,op-geth-75f4676cdc-ffl7k,3498,752
2026-02-11 16:36:57,default,op-node-58b7579566-2kvqz,34,230
2026-02-11 16:36:57,default,validator-5c45f686bc-xh52r,31,33
2026-02-11 16:36:57,testing,contender-85bb797bc8-t27wl,195,1052
2026-02-11 16:37:08,default,beacon-85cbbc7d7b-t2cbt,64,215
2026-02-11 16:37:08,default,el-584bddccc7-zndtx,11,57
2026-02-11 16:37:08,default,op-batcher-7ddcb69467-cvxjs,5,107
2026-02-11 16:37:08,default,op-geth-75f4676cdc-ffl7k,3498,758
2026-02-11 16:37:08,default,op-node-58b7579566-2kvqz,30,230
2026-02-11 16:37:08,default,validator-5c45f686bc-xh52r,37,32
2026-02-11 16:37:08,testing,contender-85bb797bc8-t27wl,188,1090
2026-02-11 16:37:18,default,beacon-85cbbc7d7b-t2cbt,64,215
2026-02-11 16:37:18,default,el-584bddccc7-zndtx,11,57
2026-02-11 16:37:18,default,op-batcher-7ddcb69467-cvxjs,5,107
2026-02-11 16:37:18,default,op-geth-75f4676cdc-ffl7k,3498,758
2026-02-11 16:37:18,default,op-node-58b7579566-2kvqz,30,230
2026-02-11 16:37:18,default,validator-5c45f686bc-xh52r,37,32
2026-02-11 16:37:18,testing,contender-85bb797bc8-t27wl,188,1090
2026-02-11 16:37:28,default,beacon-85cbbc7d7b-t2cbt,84,215
2026-02-11 16:37:28,default,el-584bddccc7-zndtx,14,58
2026-02-11 16:37:28,default,op-batcher-7ddcb69467-cvxjs,5,98
2026-02-11 16:37:28,default,op-geth-75f4676cdc-ffl7k,3463,762
2026-02-11 16:37:28,default,op-node-58b7579566-2kvqz,41,208
2026-02-11 16:37:28,default,validator-5c45f686bc-xh52r,44,35
2026-02-11 16:37:28,testing,contender-85bb797bc8-t27wl,187,1114
2026-02-11 16:37:38,default,beacon-85cbbc7d7b-t2cbt,60,215
2026-02-11 16:37:38,default,el-584bddccc7-zndtx,10,59
2026-02-11 16:37:38,default,op-batcher-7ddcb69467-cvxjs,7,99
2026-02-11 16:37:38,default,op-geth-75f4676cdc-ffl7k,3495,758
2026-02-11 16:37:38,default,op-node-58b7579566-2kvqz,27,218
2026-02-11 16:37:38,default,validator-5c45f686bc-xh52r,35,35
2026-02-11 16:37:38,testing,contender-85bb797bc8-t27wl,192,1173
2026-02-11 16:37:48,default,beacon-85cbbc7d7b-t2cbt,60,215
2026-02-11 16:37:48,default,el-584bddccc7-zndtx,10,59
2026-02-11 16:37:48,default,op-batcher-7ddcb69467-cvxjs,7,99
2026-02-11 16:37:48,default,op-geth-75f4676cdc-ffl7k,3495,758
2026-02-11 16:37:48,default,op-node-58b7579566-2kvqz,27,218
2026-02-11 16:37:48,default,validator-5c45f686bc-xh52r,35,35
2026-02-11 16:37:48,testing,contender-85bb797bc8-t27wl,192,1173
2026-02-11 16:37:58,default,beacon-85cbbc7d7b-t2cbt,75,216
2026-02-11 16:37:58,default,el-584bddccc7-zndtx,9,58
2026-02-11 16:37:58,default,op-batcher-7ddcb69467-cvxjs,3,101
2026-02-11 16:37:58,default,op-geth-75f4676cdc-ffl7k,3495,758
2026-02-11 16:37:58,default,op-node-58b7579566-2kvqz,29,218
2026-02-11 16:37:58,default,validator-5c45f686bc-xh52r,37,32
2026-02-11 16:37:58,testing,contender-85bb797bc8-t27wl,483,1310
2026-02-11 16:38:08,default,beacon-85cbbc7d7b-t2cbt,75,216
2026-02-11 16:38:08,default,el-584bddccc7-zndtx,15,60
2026-02-11 16:38:08,default,op-batcher-7ddcb69467-cvxjs,4,97
2026-02-11 16:38:08,default,op-geth-75f4676cdc-ffl7k,260,688
2026-02-11 16:38:08,default,op-node-58b7579566-2kvqz,50,215
2026-02-11 16:38:08,default,validator-5c45f686bc-xh52r,41,32
2026-02-11 16:38:08,testing,contender-85bb797bc8-t27wl,998,1321
2026-02-11 16:38:19,default,beacon-85cbbc7d7b-t2cbt,75,216
2026-02-11 16:38:19,default,el-584bddccc7-zndtx,15,60
2026-02-11 16:38:19,default,op-batcher-7ddcb69467-cvxjs,4,97
2026-02-11 16:38:19,default,op-geth-75f4676cdc-ffl7k,260,688
2026-02-11 16:38:19,default,op-node-58b7579566-2kvqz,50,215
2026-02-11 16:38:19,default,validator-5c45f686bc-xh52r,41,32
2026-02-11 16:38:19,testing,contender-85bb797bc8-t27wl,998,1321
2026-02-11 16:38:29,default,beacon-85cbbc7d7b-t2cbt,87,214
2026-02-11 16:38:29,default,el-584bddccc7-zndtx,16,57
2026-02-11 16:38:29,default,op-batcher-7ddcb69467-cvxjs,2,97
2026-02-11 16:38:29,default,op-geth-75f4676cdc-ffl7k,7,689
2026-02-11 16:38:29,default,op-node-58b7579566-2kvqz,25,215
2026-02-11 16:38:29,default,validator-5c45f686bc-xh52r,42,32
2026-02-11 16:38:29,testing,contender-85bb797bc8-t27wl,998,1321
2026-02-11 16:38:39,default,beacon-85cbbc7d7b-t2cbt,71,214
2026-02-11 16:38:39,default,el-584bddccc7-zndtx,6,57
2026-02-11 16:38:39,default,op-batcher-7ddcb69467-cvxjs,2,98
2026-02-11 16:38:39,default,op-geth-75f4676cdc-ffl7k,7,690
2026-02-11 16:38:39,default,op-node-58b7579566-2kvqz,31,216
2026-02-11 16:38:39,default,validator-5c45f686bc-xh52r,43,32
2026-02-11 16:38:39,testing,contender-85bb797bc8-t27wl,805,20
2026-02-11 16:38:49,default,beacon-85cbbc7d7b-t2cbt,71,214
2026-02-11 16:38:49,default,el-584bddccc7-zndtx,6,57
2026-02-11 16:38:49,default,op-batcher-7ddcb69467-cvxjs,2,98
2026-02-11 16:38:49,default,op-geth-75f4676cdc-ffl7k,7,690
2026-02-11 16:38:49,default,op-node-58b7579566-2kvqz,31,216
2026-02-11 16:38:49,default,validator-5c45f686bc-xh52r,43,32
2026-02-11 16:38:49,testing,contender-85bb797bc8-t27wl,805,20
