Index,Pod,Timestamp,CPU(m),RAM(Mi)
0,op-geth-58cfb95cd4-jd97r,2026-02-11 20:12:22,146,598
1,op-geth-58cfb95cd4-jd97r,2026-02-11 20:12:32,146,598
2,op-geth-58cfb95cd4-jd97r,2026-02-11 20:12:42,194,613
3,op-geth-58cfb95cd4-jd97r,2026-02-11 20:12:52,13,613
4,op-geth-58cfb95cd4-jd97r,2026-02-11 20:13:02,13,613
5,op-geth-58cfb95cd4-jd97r,2026-02-11 20:13:12,14,613
6,op-geth-58cfb95cd4-jd97r,2026-02-11 20:13:22,15,614
7,op-geth-58cfb95cd4-jd97r,2026-02-11 20:13:33,15,614
8,op-geth-58cfb95cd4-jd97r,2026-02-11 20:13:43,16,614
9,op-geth-58cfb95cd4-jd97r,2026-02-11 20:13:53,16,606
10,op-geth-58cfb95cd4-jd97r,2026-02-11 20:14:03,16,606
11,op-geth-58cfb95cd4-jd97r,2026-02-11 20:14:13,11,607
12,op-geth-58cfb95cd4-jd97r,2026-02-11 20:14:23,22,620
13,op-geth-58cfb95cd4-jd97r,2026-02-11 20:14:33,22,620
14,op-geth-58cfb95cd4-jd97r,2026-02-11 20:14:43,22,620
15,op-geth-58cfb95cd4-jd97r,2026-02-11 20:14:53,12,620
16,op-geth-58cfb95cd4-jd97r,2026-02-11 20:15:04,12,620
17,op-geth-58cfb95cd4-jd97r,2026-02-11 20:15:14,12,620
18,op-geth-58cfb95cd4-jd97r,2026-02-11 20:15:24,15,621
19,op-geth-58cfb95cd4-jd97r,2026-02-11 20:15:34,15,621
20,op-geth-58cfb95cd4-jd97r,2026-02-11 20:15:44,12,621
21,op-geth-58cfb95cd4-jd97r,2026-02-11 20:15:54,11,621
22,op-geth-58cfb95cd4-jd97r,2026-02-11 20:16:04,11,621
23,op-geth-58cfb95cd4-jd97r,2026-02-11 20:16:14,11,621
24,op-geth-58cfb95cd4-jd97r,2026-02-11 20:16:25,11,622
25,op-geth-58cfb95cd4-jd97r,2026-02-11 20:16:35,11,622
26,op-geth-58cfb95cd4-jd97r,2026-02-11 20:16:45,10,622
27,op-geth-58cfb95cd4-jd97r,2026-02-11 20:16:55,10,622
28,op-geth-58cfb95cd4-jd97r,2026-02-11 20:17:05,10,622
29,op-geth-58cfb95cd4-jd97r,2026-02-11 20:17:15,75,614
30,op-geth-58cfb95cd4-jd97r,2026-02-11 20:17:25,352,618
31,op-geth-58cfb95cd4-jd97r,2026-02-11 20:17:35,358,630
32,op-geth-58cfb95cd4-jd97r,2026-02-11 20:17:46,358,630
33,op-geth-58cfb95cd4-jd97r,2026-02-11 20:17:56,366,632
34,op-geth-58cfb95cd4-jd97r,2026-02-11 20:18:06,364,664
35,op-geth-58cfb95cd4-jd97r,2026-02-11 20:18:16,364,664
36,op-geth-58cfb95cd4-jd97r,2026-02-11 20:18:26,354,677
37,op-geth-58cfb95cd4-jd97r,2026-02-11 20:18:36,354,677
38,op-geth-58cfb95cd4-jd97r,2026-02-11 20:18:46,354,677
39,op-geth-58cfb95cd4-jd97r,2026-02-11 20:18:56,358,680
40,op-geth-58cfb95cd4-jd97r,2026-02-11 20:19:07,365,687
41,op-geth-58cfb95cd4-jd97r,2026-02-11 20:19:17,365,687
42,op-geth-58cfb95cd4-jd97r,2026-02-11 20:19:27,372,693
43,op-geth-58cfb95cd4-jd97r,2026-02-11 20:19:37,387,708
44,op-geth-58cfb95cd4-jd97r,2026-02-11 20:19:47,387,708
45,op-geth-58cfb95cd4-jd97r,2026-02-11 20:19:57,364,712
46,op-geth-58cfb95cd4-jd97r,2026-02-11 20:20:07,357,718
47,op-geth-58cfb95cd4-jd97r,2026-02-11 20:20:17,357,718
48,op-geth-58cfb95cd4-jd97r,2026-02-11 20:20:27,366,720
49,op-geth-58cfb95cd4-jd97r,2026-02-11 20:20:38,370,723
50,op-geth-58cfb95cd4-jd97r,2026-02-11 20:20:48,370,723
51,op-geth-58cfb95cd4-jd97r,2026-02-11 20:20:58,369,727
52,op-geth-58cfb95cd4-jd97r,2026-02-11 20:21:08,358,744
53,op-geth-58cfb95cd4-jd97r,2026-02-11 20:21:18,358,744
54,op-geth-58cfb95cd4-jd97r,2026-02-11 20:21:28,379,747
55,op-geth-58cfb95cd4-jd97r,2026-02-11 20:21:38,373,759
56,op-geth-58cfb95cd4-jd97r,2026-02-11 20:21:48,373,759
57,op-geth-58cfb95cd4-jd97r,2026-02-11 20:21:59,360,770
58,op-geth-58cfb95cd4-jd97r,2026-02-11 20:22:09,362,773
59,op-geth-58cfb95cd4-jd97r,2026-02-11 20:22:19,362,773
60,op-geth-58cfb95cd4-jd97r,2026-02-11 20:22:29,364,802
61,op-geth-58cfb95cd4-jd97r,2026-02-11 20:22:39,409,809
62,op-geth-58cfb95cd4-jd97r,2026-02-11 20:22:49,409,809
63,op-geth-58cfb95cd4-jd97r,2026-02-11 20:22:59,3018,800
64,op-geth-58cfb95cd4-jd97r,2026-02-11 20:23:10,3475,799
65,op-geth-58cfb95cd4-jd97r,2026-02-11 20:23:20,3475,799
66,op-geth-58cfb95cd4-jd97r,2026-02-11 20:23:30,3448,790
67,op-geth-58cfb95cd4-jd97r,2026-02-11 20:23:40,3471,784
68,op-geth-58cfb95cd4-jd97r,2026-02-11 20:23:50,3466,805
69,op-geth-58cfb95cd4-jd97r,2026-02-11 20:24:00,3466,805
70,op-geth-58cfb95cd4-jd97r,2026-02-11 20:24:10,3466,805
71,op-geth-58cfb95cd4-jd97r,2026-02-11 20:24:21,3436,772
72,op-geth-58cfb95cd4-jd97r,2026-02-11 20:24:31,3436,772
73,op-geth-58cfb95cd4-jd97r,2026-02-11 20:24:41,3475,794
74,op-geth-58cfb95cd4-jd97r,2026-02-11 20:24:51,3453,805
75,op-geth-58cfb95cd4-jd97r,2026-02-11 20:25:01,3453,805
76,op-geth-58cfb95cd4-jd97r,2026-02-11 20:25:11,3527,852
77,op-geth-58cfb95cd4-jd97r,2026-02-11 20:25:21,3501,857
78,op-geth-58cfb95cd4-jd97r,2026-02-11 20:25:32,3501,857
79,op-geth-58cfb95cd4-jd97r,2026-02-11 20:25:42,3514,905
80,op-geth-58cfb95cd4-jd97r,2026-02-11 20:25:52,3530,866
81,op-geth-58cfb95cd4-jd97r,2026-02-11 20:26:02,3530,866
82,op-geth-58cfb95cd4-jd97r,2026-02-11 20:26:12,3493,907
83,op-geth-58cfb95cd4-jd97r,2026-02-11 20:26:22,3546,908
84,op-geth-58cfb95cd4-jd97r,2026-02-11 20:26:32,3546,908
85,op-geth-58cfb95cd4-jd97r,2026-02-11 20:26:42,3524,926
86,op-geth-58cfb95cd4-jd97r,2026-02-11 20:26:53,3515,912
87,op-geth-58cfb95cd4-jd97r,2026-02-11 20:27:03,3515,912
88,op-geth-58cfb95cd4-jd97r,2026-02-11 20:27:13,3505,921
89,op-geth-58cfb95cd4-jd97r,2026-02-11 20:27:23,3469,977
90,op-geth-58cfb95cd4-jd97r,2026-02-11 20:27:33,3469,977
91,op-geth-58cfb95cd4-jd97r,2026-02-11 20:27:43,3521,921
92,op-geth-58cfb95cd4-jd97r,2026-02-11 20:27:53,3521,921
93,op-geth-58cfb95cd4-jd97r,2026-02-11 20:28:04,3521,921
94,op-geth-58cfb95cd4-jd97r,2026-02-11 20:28:14,3500,927
95,op-geth-58cfb95cd4-jd97r,2026-02-11 20:28:24,300,912
96,op-geth-58cfb95cd4-jd97r,2026-02-11 20:28:34,300,912
97,op-geth-58cfb95cd4-jd97r,2026-02-11 20:28:44,12,913
