timestamp,pod,rx_bytes,tx_bytes,read_sectors,write_sectors
1756188697,beacon-7bd69d4d4b-s5wg8,15179072442,15277565164,2582,0
1756188698,beacon-7bd69d4d4b-s5wg8,15179073312,15277574168,2582,0
1756188700,beacon-7bd69d4d4b-s5wg8,15179124314,15277641525,2582,0
1756188701,beacon-7bd69d4d4b-s5wg8,15179124314,15277641525,2582,0
1756188702,beacon-7bd69d4d4b-s5wg8,15179125294,15277645376,2582,0
1756188704,beacon-7bd69d4d4b-s5wg8,15179162130,15277646090,2582,0
1756188705,beacon-7bd69d4d4b-s5wg8,15179162559,15277646834,2582,0
1756188706,beacon-7bd69d4d4b-s5wg8,15179205917,15277651704,2582,0
1756188708,beacon-7bd69d4d4b-s5wg8,15179205917,15277651704,2582,0
1756188709,beacon-7bd69d4d4b-s5wg8,15179206318,15277657826,2582,0
1756188711,beacon-7bd69d4d4b-s5wg8,15179258730,15277735251,2582,0
1756188712,beacon-7bd69d4d4b-s5wg8,15179258730,15277735251,2582,0
1756188713,beacon-7bd69d4d4b-s5wg8,15179258730,15277735251,2582,0
1756188715,beacon-7bd69d4d4b-s5wg8,15179295830,15277739488,2582,0
1756188716,beacon-7bd69d4d4b-s5wg8,15179295896,15277739730,2582,0
1756188717,beacon-7bd69d4d4b-s5wg8,15179296325,15277740474,2582,0
1756188719,beacon-7bd69d4d4b-s5wg8,15179341262,15277745344,2582,0
1756188720,beacon-7bd69d4d4b-s5wg8,15179341262,15277745344,2582,0
1756188721,beacon-7bd69d4d4b-s5wg8,15179341663,15277751466,2582,0
1756188723,beacon-7bd69d4d4b-s5wg8,15179398233,15277834516,2582,0
1756188724,beacon-7bd69d4d4b-s5wg8,15179398233,15277834516,2582,0
1756188725,beacon-7bd69d4d4b-s5wg8,15179398233,15277834516,2582,0
1756188727,beacon-7bd69d4d4b-s5wg8,15179435333,15277838756,2582,0
1756188728,beacon-7bd69d4d4b-s5wg8,15179435399,15277838998,2582,0
1756188729,beacon-7bd69d4d4b-s5wg8,15179435828,15277839742,2582,0
1756188731,beacon-7bd69d4d4b-s5wg8,15179484124,15277844612,2582,0
1756188732,beacon-7bd69d4d4b-s5wg8,15179484124,15277844612,2582,0
1756188733,beacon-7bd69d4d4b-s5wg8,15179484926,15277856856,2582,0
1756188735,beacon-7bd69d4d4b-s5wg8,15179536153,15277927120,2582,0
1756188736,beacon-7bd69d4d4b-s5wg8,15179536153,15277927120,2582,0
1756188738,contender-5cc86f49-mnzms,3123342,1509153,2582,0
1756188739,contender-5cc86f49-mnzms,3123342,1509153,2582,0
1756188740,contender-5cc86f49-mnzms,3123342,1509153,2582,0
1756188742,contender-5cc86f49-mnzms,3123981,1509972,2582,0
