Row_Index,timestamp,num_pending_transactions
0,1763930328,4
1,1763930329,8
2,1763930330,12
3,1763930331,12
4,1763930332,15
5,1763930333,12
6,1763930334,15
7,1763930335,13
8,1763930336,15
9,1763930337,13
10,1763930338,14
11,1763930339,14
12,1763930340,14
13,1763930341,15
14,1763930342,15
15,1763930343,23
16,1763930344,23
17,1763930345,15
18,1763930346,16
19,1763930347,23
20,1763930348,24
21,1763930349,14
22,1763930350,16
23,1763930351,21
24,1763930352,24
25,1763930353,13
26,1763930354,16
27,1763930355,20
28,1763930356,24
29,1763930357,11
30,1763930358,16
31,1763930359,19
32,1763930360,24
33,1763930361,10
34,1763930362,16
35,1763930363,17
36,1763930364,24
37,1763930365,9
38,1763930366,16
39,1763930367,16
40,1763930368,24
41,1763930369,8
42,1763930370,16
43,1763930371,16
44,1763930372,23
45,1763930373,8
46,1763930374,14
47,1763930375,16
48,1763930376,22
49,1763930377,9
50,1763930378,14
51,1763930379,17
52,1763930380,22
53,1763930381,11
54,1763930382,15
55,1763930383,19
56,1763930384,23
57,1763930385,11
58,1763930386,15
59,1763930387,12
60,1763930388,15
61,1763930389,12
62,1763930390,15
63,1763930391,13
64,1763930392,16
65,1763930393,13
66,1763930394,15
67,1763930395,13
68,1763930396,15
69,1763930397,14
70,1763930398,16
71,1763930399,14
72,1763930400,15
73,1763930401,14
74,1763930402,15
75,1763930403,15
76,1763930404,16
77,1763930405,15
78,1763930406,15
79,1763930407,15
80,1763930408,15
81,1763930409,16
82,1763930410,16
83,1763930411,16
84,1763930412,16
85,1763930413,15
86,1763930414,16
87,1763930415,15
88,1763930416,16
89,1763930417,15
90,1763930418,16
91,1763930419,14
92,1763930420,16
93,1763930421,14
94,1763930422,16
95,1763930423,14
96,1763930424,16
97,1763930425,13
98,1763930426,16
99,1763930427,13
100,1763930428,16
101,1763930429,13
102,1763930430,16
103,1763930431,12
104,1763930432,16
105,1763930433,12
106,1763930434,16
107,1763930435,12
108,1763930436,16
109,1763930437,11
110,1763930438,16
111,1763930439,11
112,1763930440,16
113,1763930441,11
114,1763930442,16
115,1763930443,10
116,1763930444,16
117,1763930445,10
118,1763930446,16
119,1763930447,10
120,1763930448,16
121,1763930449,9
122,1763930450,16
123,1763930451,9
124,1763930452,16
125,1763930453,9
126,1763930454,16
127,1763930455,8
128,1763930456,16
129,1763930457,8
130,1763930458,16
131,1763930459,8
132,1763930460,16
133,1763930461,8
134,1763930462,15
135,1763930463,8
136,1763930464,15
137,1763930465,9
138,1763930466,16
139,1763930467,9
140,1763930468,15
141,1763930469,9
142,1763930470,15
143,1763930471,10
144,1763930472,16
145,1763930473,10
146,1763930474,15
147,1763930475,10
148,1763930476,15
149,1763930477,11
150,1763930478,16
151,1763930479,11
152,1763930480,15
153,1763930481,11
154,1763930482,15
155,1763930483,11
156,1763930484,15
157,1763930485,12
158,1763930486,15
159,1763930487,12
160,1763930488,15
161,1763930489,13
162,1763930490,15
163,1763930491,13
164,1763930492,15
165,1763930493,14
166,1763930494,15
167,1763930495,14
168,1763930496,15
169,1763930497,14
170,1763930498,15
171,1763930499,15
172,1763930500,15
173,1763930501,15
174,1763930502,15
175,1763930503,16
176,1763930504,16
177,1763930505,15
178,1763930506,16
179,1763930507,15
180,1763930508,16
181,1763930509,15
182,1763930510,16
183,1763930511,14
184,1763930512,16
185,1763930513,14
186,1763930514,16
187,1763930515,13
188,1763930516,16
189,1763930517,13
190,1763930518,16
191,1763930519,13
192,1763930520,16
193,1763930521,12
194,1763930522,16
195,1763930523,12
196,1763930524,16
197,1763930525,11
198,1763930526,16
199,1763930527,11
200,1763930528,16
201,1763930529,10
202,1763930530,16
203,1763930531,10
204,1763930532,16
205,1763930533,8
206,1763930534,8
207,1763930535,0
