tx_hash,start_time,end_time,block_number,gas_used,kind,error
0x6d07112d7e1561acde1d94f9257ad81fbb289feef430ceb9dfce25c7f3d2d44d,1763926211,1763926213,6439,51608,,
0x9aaf016f3e5ecd047d8d6a91ed6cfa136bd789d8b0e5972f089e877f95641d0a,1763926212,1763926215,6440,51608,,
0x1a10d57fbe466f429fc127cbf6332cf96cbd19ea499b8dd02c0ebd5cc9523e5b,1763926212,1763926215,6440,51608,,
0xd966ffb523499c81f1838ac28a5c92390f6bf07cfcc51325acd0927141e7e177,1763926212,1763926215,6440,51608,,
0x1c85acef4a06647bc2492526ec9f59ebb02a7465d1be78e034ca8a921a6375ef,1763926212,1763926215,6440,51608,,
0xf5309ef0cfb91e52534de0fb81dd2bb98d631d5b5fa3dff58af3ce6f502c97bc,1763926212,1763926215,6440,51608,,
0x64dbf00e384c64c03098ecac48bb637254dbc212d95e82cda8fd98b631f984ff,1763926212,1763926215,6440,51608,,
0x004e1d23301c4eace6663a4191a4a5c53f2423a27874c3971b165a76dd1ab43c,1763926212,1763926215,6440,51608,,
0x872705345e18edf43b31788324aaf60d04019942681a5e5cb39e7d5d4f84e24b,1763926213,1763926215,6440,51608,,
0x420822ada1c7724225b1112b5501cf832ede1cec8d92d45db12a9270ef86af47,1763926214,1763926217,6441,51608,,
0x5750edd5cd6179a1c9b57cdde8250701731f8dd1d332f049d46bba1f9516c8ca,1763926214,1763926217,6441,51608,,
0xc0d9d3e203eb09c9fd033bea4033c280ae2c67f4929468edead987186946c4e6,1763926214,1763926217,6441,51608,,
0x4f77884d3f36057d1eb503cee92640b17f3d3e16bd86f8bbc3fa50b95c9c29ec,1763926214,1763926217,6441,51608,,
0xc8f51e0997b08613dcc97a074eb88338db170f56021823d313720a1c0941e4e5,1763926214,1763926217,6441,51608,,
0xc97385c0fe73278fda17232f0b6089842a4aa8c37c9246dce714337c1d26ae9b,1763926214,1763926217,6441,51608,,
0xda0c7561b0e46fa812c3f73c0e5d598b0cb70f4feb7c58928b7728cd7605efb6,1763926214,1763926217,6441,51608,,
0x147e84e0ce7c72b572ac8331c694ef13a6562b80011d07cb50161f22800add71,1763926215,1763926217,6441,51596,,
0x398fa440a5b0419b78be7c7f69e6a878a5cdf9c4ad09d4f2176760d9d2974080,1763926216,1763926219,6442,51608,,
0x401e753670a356be5565bd2641ed06aa51bce25f811cafd9a9d4ce620378c523,1763926216,1763926219,6442,51608,,
0x17de52f8e653bf5a2e16051de01711430f7bde4f5337fee2a5d1366c5acf8637,1763926216,1763926219,6442,51608,,
0x573b73ec3313be91396ce37778676d1b22037f24199ffcac9951253e9544984e,1763926216,1763926219,6442,51608,,
0x0cfccdb5592713c2723fab6341e30ee86c9ad51feaba2a7d5d48520a6ff35f34,1763926216,1763926219,6442,51608,,
0x9f5381da83d1dd166dccf57b85db421da79331a337d13647fc253bfcb41011ce,1763926216,1763926219,6442,51608,,
0x4400e73a295dfb7832b9286552684c40f7e793d4e5f9480dc629ea1f08caa5d2,1763926216,1763926219,6442,51608,,
0x791bbcf1441c104e0383c402422db6f244213b38f6cb43af7e22c90173373ebe,1763926217,1763926219,6442,51608,,
0x8d085ecc45cbc2a05fb394edfc9a200d22fafe2d67b6e24c012cecab991d3b5e,1763926218,1763926221,6443,51608,,
0x0291e4ae5cc802a27b24f5f5b2d8be7df5fdd9ee9fdf5898a97893a94405f6aa,1763926218,1763926221,6443,51608,,
0xd4064b770cf9daffa1afb58af996df52c813447095b6324b90fca67ff87a83f5,1763926218,1763926221,6443,51608,,
0x550a57b65c0a284e824f95580a64c3fbd987c15469760e7cb50587c7db272b10,1763926218,1763926221,6443,51608,,
0x7df546e22369499582c9f77d3bb2c5042133bc5bc597aab8265290ff083b9dcb,1763926218,1763926221,6443,51608,,
0x7f705ed6836029caa4df91ba687418d7ebeb22dd77994b1d0c26ce52d37e9890,1763926218,1763926221,6443,51608,,
0x2ea8159b29f6f59b950dd54c7d467dfbfd155bedaa540daceb07c6a1ab209bf7,1763926218,1763926221,6443,51608,,
0xdbc25c54883f69e7dab392392725080bc945a24f284fc4af04a2030fed745b18,1763926219,1763926221,6443,51608,,
0xfe7e6916b2758c8c7e8136fecb7ff27f018e007c1169451acab4a46370b58b62,1763926220,1763926223,6444,51608,,
0x14d689ebe7f8433d9130df84a1f8920547c2fb9dd71f1ce156418957d209aeaa,1763926220,1763926223,6444,51608,,
0x8f66eb39ec970de6ae7815435101327f611de70276a0dc2a8a73e0fd0a76b093,1763926220,1763926223,6444,51608,,
0x64e8a8f6229ecf034399871a2d6b9dead8c87e99d4dd692b1033d1547afedadd,1763926220,1763926223,6444,51608,,
0x242bffc89afc1f1ebcc7d7d5dfa375edfde5c11f76ec1b9e02df532974e4c9ad,1763926220,1763926223,6444,51608,,
0x00a7424bc928b341ad28439a9b429772ae17cfda7fb67dc6aa119fd92a91e7d5,1763926220,1763926223,6444,51608,,
0xc21e95c2500dd4c5e64616640f48b7d6514de3f29e451e56f6352f98fc06c88a,1763926220,1763926223,6444,51608,,
0x11a87e754a854c42e44bb47b4a9f5e9f75e68407bef5d5f13e33cbfc8633ca30,1763926221,1763926223,6444,51608,,
0x3b896bfb225aa2c00db4a18eb672482faa65390490364d9f288f430c89c288f5,1763926222,1763926225,6445,51608,,
0x41fbf57f0aaa40a8a920917af696ac9ba988334bc2d300c4b63b7f2ee1b23d7f,1763926222,1763926225,6445,51608,,
0x33df5a8cbc4fa50b119d10e3bf0858b9b88df737aea8da058742a9e2e0f90e0a,1763926222,1763926225,6445,51608,,
0xa08fca3dd02ad7c1aed484d01ed5d834f869003988a6feaf0d9c88092b19cfd1,1763926222,1763926225,6445,51608,,
0xd837bc1300413a7c3332f95abe3dc57411a47fb4007645214b340b32ab1e5350,1763926222,1763926225,6445,51608,,
0x58065f8e8be41f17ed76fcf0d96785e1e695846f2d941e45f53e3fbde7610c9b,1763926222,1763926225,6445,51596,,
0x125e743afd03b1a1a649fea84d90577bdda4aec450fc6597a5b7d502fcad3554,1763926222,1763926225,6445,51596,,
0x099c9fa614594bb56dadd9547b7755ebb7ba96ef5ea2b556c48626563c162ede,1763926223,1763926225,6445,51608,,
0xe56404c71ac4549c61e33ab858a1b5b0932946ee64d6bb6bf9e649c3cfb50084,1763926224,1763926227,6446,51608,,
0xc4ce3663fa2d1320eb40d5986c39ee3fcb6a1455d84e846504ee2caca80ac4bb,1763926224,1763926227,6446,51608,,
0x5dd692c05e7939d0f9597a9da90fde6019b61980ce13735ea94d65a0818e13cc,1763926224,1763926227,6446,51608,,
0xd160d5e30aeaeb943199dcc713797f44140503290cb424056a1d3d9c46e8a026,1763926224,1763926227,6446,51608,,
0x18473bcabf0843543c4d8e17ac72ef07d5c8d343f336d76a9ef973efb0680276,1763926224,1763926227,6446,51608,,
0x12e909a25e4ac5f0755d06095be0e1ed4fd8d351962cd8cc1bea6e46f36274ca,1763926224,1763926227,6446,51608,,
0x13d621009d15b9856a34613c49e3e5851558512f0a8abefb72ba42cfae2e5c19,1763926224,1763926227,6446,51608,,
0xba7f25ed2555292f605d55e9731d4386f663b6dffc70062104a425e89371e0f8,1763926225,1763926227,6446,51608,,
0x44756c1e5ca5953fc7c2b7918e2bd709f9928845784b3c7f45d3afeb0491ff78,1763926226,1763926229,6447,51608,,
0x9f900edf3c1eb8cd3d879b65db5a1531fb9988335c7c8e6eb50ff593e08143f6,1763926226,1763926229,6447,51608,,
0x0b10df6d703063d4d885574cc8210567196cbac309b18a50d39481c404ab54fc,1763926226,1763926229,6447,51608,,
0x9ba2f75ee7aa01b3190a4f3d26062e43a4803a55c10e1f24b8266744e04f77ca,1763926226,1763926229,6447,51608,,
0xca35580e2f0016bc8771053177bc6215a3e50bc94e8deaad7ebacbe354fc5fe5,1763926226,1763926229,6447,51608,,
0x8c930ed7706b47ea225398b95e79e3cddd012eaf8ba22aab52b88e83fc08ea75,1763926226,1763926229,6447,51608,,
0x1707a6898703a8db3abb6c22695200af140cf499817ef178c549675399a16235,1763926226,1763926229,6447,51608,,
0x76434775248d60fdac3294724dd6406299d6993461822697eb33c61c31ecf1d6,1763926227,1763926229,6447,51608,,
0xe31d9766c90155938b726ebe335b6c4720e14aac849ce7a277e70071853149b4,1763926228,1763926231,6448,51596,,
0x2537602e3f26a9e2e978126ed573c883045aa799fc5db926ec5419fa3daf427a,1763926228,1763926231,6448,51596,,
0x23e0e07e734f1471b4c4521b5e3d3a08253a38f4a2a4863ea04cce72d7c2502a,1763926228,1763926231,6448,51608,,
0x62d4f1c16fb07559146cf68f214ac8175f614c2465a03ce2e16f7b87dad375a2,1763926228,1763926231,6448,51608,,
0xbf5110713ce314ab772e8255412c0d5f126411024c92d5264df7018d9258618a,1763926228,1763926231,6448,51608,,
0xd6982449e39113c4a75779e78b22b7af02bb699169662876207b9577ab2d5211,1763926228,1763926231,6448,51608,,
0xb549fcd6afee8a37e09e309a6ae91b3bd49b000f3212d783b9a8dd38c131f8c6,1763926228,1763926231,6448,51608,,
0xcf3f3815fc55425031b5b2dc4daab609b4a0f5030b4819e492a9b6f972ecf8cf,1763926229,1763926231,6448,51608,,
0xecb2482ef3ffdd916651896baf2cf234bfb30013d61fad25d82791e577d70e44,1763926230,1763926233,6449,51608,,
0x6a117dd40372fb37b3f77e83d0fb461156615b698aab08e210ebf0027658a6d3,1763926230,1763926233,6449,51596,,
0x8bd8b247f69b887f493e8e4308505365946245489ed660aae2b413bb0be99841,1763926230,1763926233,6449,51608,,
0x832c8aa470563258ed0ce7bffd8c09a662233aae9b7bfb8b5dbcc4bd1c0447fc,1763926230,1763926233,6449,51608,,
0x859e0e7519515695f84485bfb84ff0fc30252ae7296730d2b72dd1b076a475a7,1763926230,1763926233,6449,51608,,
0x5e2981f85d0f42bf289b7c471d587fd0c9c95650e04e1a149b00b5c07f60583e,1763926230,1763926233,6449,51608,,
0xe446c07c454a1b778a0e6f79b14df4b16e2ce4f0890dc130290c36b7fa4a7b9a,1763926230,1763926233,6449,51608,,
0xc7f26b15933d8ec0dd54b0ddeb0d408c405ca93f62cdf5401028727caf36ae8b,1763926232,1763926233,6449,51608,,
0xbe605fe82b38489e2c870ad315d685dfb6bdaa7312a29684d8e5b39890e8f1c6,1763926232,1763926235,6450,51608,,
0x88f5eae7f8cfa7793bb33e4ed0acfd2eb3ae4e13b08b6eeffaa59cd74192e42a,1763926232,1763926235,6450,51608,,
0xd5729a5aac1ab0c3eb459d11b9ec57216c2f1745410fab27ffa4361b8ce3723e,1763926232,1763926235,6450,51608,,
0x26caf280246acd834fb84ed4dbf04412be608221605ab8fccf4f37599c271bb8,1763926232,1763926235,6450,51608,,
0x1aec7ee5176a036a99f7329dbc99e310e669a66653fb50c7f185b889fd701670,1763926232,1763926235,6450,51608,,
0x945f23452b8f88cfe6351cb6964d7c34ab8be88087bec3829845d660f1b22f14,1763926232,1763926235,6450,51608,,
0xf69013803ff556f444aa38f00be62ff69064ae2ac668936bd2b679da0142563a,1763926232,1763926235,6450,51608,,
0x2aa72d7ddbcc90bcc12211ffcebbc0bc2a00307849528fd81c7ebd9e63e5a842,1763926234,1763926237,6451,51608,,
0x8d17b87cb12c2da6a0352e073e4fa70b29d71798bf624a49880353fa20cfbb80,1763926234,1763926237,6451,51608,,
0x179f337c962edefd32719274f5d4eefaa596e9a7846736872cdd4dfa7db00e87,1763926234,1763926237,6451,51608,,
0x2f417685cecf91596709f92e1f6ab77aebfe5f96cede795ae0e93f459bdea98b,1763926234,1763926237,6451,51608,,
0x128f57d23f395f7b1907dc3397d2d888f613ba1aae3bf67001cd315013dd6bfd,1763926234,1763926237,6451,51608,,
0x3d1f815e9258d1396dcd7fde995ebd1321ead00f5a30cbf5fca762f9732bac86,1763926234,1763926237,6451,51608,,
0x886f3ee668f014533677841cf14fbab1d4064faadc1e706c2b947a09875edcfe,1763926234,1763926237,6451,51608,,
0x0097515fe1969c397bf2aa9d348257f8a60436813a8bb576dc826a0aed676b0a,1763926234,1763926237,6451,51608,,
0x84515bb0c3cbd9e4effa7ad4fce0eabd95e63762bb74f7f18b4c12eb2ccc6fa2,1763926236,1763926239,6452,51608,,
0x69ccaf2a871edd826f266bcb0d1040083fdf91ac8a8c56b690355f1e94cd4580,1763926236,1763926239,6452,51608,,
0x32643487c8bc6812960eb80e3ed3498e532d00fc14390ee11f0b80dc50c9558d,1763926236,1763926239,6452,51608,,
0x37638d2629c40d61a79e700f8069a945cf0226dfc71cd9a07ebc321b33f3c7f5,1763926236,1763926239,6452,51608,,
0x2c6f41c64d0c7611614df2d4da51c46447bccdd020c0f116961e74de8921d0a3,1763926236,1763926239,6452,51608,,
0xbd884883934b590832a627bab4685a38f6ed5d3d887caa642d8bd3af8d540699,1763926236,1763926239,6452,51608,,
0xf6c2c0efb40d554827be1d7ba6218979e55bee33d21c05c9aed099c91d6b3460,1763926236,1763926239,6452,51608,,
0x72a1cf5e24635eb34783d5c329d5e03c329ae343530f49cb2f5c1c680bfbe803,1763926236,1763926239,6452,51608,,
0x606c3224459ae0f9af3f7dbcf790bb99814ad26d5a3d4c66c63ebb2a3f253635,1763926238,1763926241,6453,51608,,
0x8a70ecb948e96d94d08302ef0eef66ad2eca35fc2f6976ae0517c05612c0e439,1763926238,1763926241,6453,51608,,
0x48d6f0d4d747645336ec19895f63ea004ff016adf3d14bdcffba18f56f732b1b,1763926238,1763926241,6453,51608,,
0xf6028f4bde2650d64a341bf6cf4d16554b61a4455bff636b277a51322f6e74f2,1763926238,1763926241,6453,51608,,
0x57170959c259d55296963bab4b2dd6127c5128275fb53ca30a8d20b01c4cd523,1763926238,1763926241,6453,51608,,
0x084e7b698971067d9a00ea2e82ee8c2846d433b2eb8f64a5a431f524b449ecda,1763926238,1763926241,6453,51608,,
0x5b1518e71f98308f1f9a2d2273c1be5dbc79258c152cd7c11aa98aaee6c051c9,1763926238,1763926241,6453,51608,,
0x9fdf662c4b508994323a615ee4eff03b1281ef88b890095f20dd86900c9d5dd7,1763926238,1763926241,6453,51608,,
0x76e42e4dab5abb18a6f7e859389f4b7ec7ad45103608f675e6cd411eb91e6cc8,1763926240,1763926243,6454,51608,,
0x319e1fcbf18d7746fd37545b73a9a2dd358398087268f300fcde7e4a88034bdb,1763926240,1763926243,6454,51608,,
0xe88630733e1d1a23cd4246a46cc392390e4720206bc467d6cbfcf9368b0789e4,1763926240,1763926243,6454,51608,,
0x092938b3abf5a0655137cc7dfdc0102db0513f5491a98825a3a1f0ceb3ad9799,1763926240,1763926243,6454,51608,,
0x3c962d16660493f93dc82450dc448fff99a7eb9022f9ef7b022b2a6f90897163,1763926240,1763926243,6454,51608,,
0x9b73c16c79ce791f46c85133d36f8aee4327788345eb43488385b873f83b258a,1763926240,1763926243,6454,51608,,
0x413a7b8d6bc96ea64ab8637acffd3187bca824d32839b9edc6f48bdd7b17f3b5,1763926240,1763926243,6454,51608,,
0x85a7a5cfad4cb1c1a09dd28ade8230620234eb147effd295ccb33323d0b8f40a,1763926240,1763926243,6454,51608,,
0x031eef0f815d813fdce4e12c632cea934e69985d7df358c28f18da35e9fcf0ea,1763926242,1763926245,6455,51608,,
0x56a4f99726b9562594f0a415a4205ec042175068f9242b6ef8d8129fa0c877d4,1763926242,1763926245,6455,51608,,
0x68984885d96a64bc040b7e5e6492fca554b3a167aa4289c635afc020f9b3a63a,1763926242,1763926245,6455,51596,,
0xd521d9f4f5954928d088fe2009eb3283424bbf6609ac4973b7e9ae9a3899e47c,1763926242,1763926245,6455,51608,,
0x5ada049ce98e7cae7637031c5563bc6582c1c76a2ce190433e02dd02719d3b87,1763926242,1763926245,6455,51608,,
0xcdd78014e1cd914f952425d887b77bbe4be6b876f216e8630116d1351146e923,1763926242,1763926245,6455,51608,,
0x613671e740a019bf6ea4143c98075839b0648ada202abcae5fb0c5c2349bfefe,1763926242,1763926245,6455,51596,,
0x5941c378f4671292d7e450011213f08e634ef6cd89ec55893802853eb8968198,1763926242,1763926245,6455,51608,,
0x6772cbeb160c1a6a2dbf008fd774734eaefebb272ae2fd1ba32b68cce28289ea,1763926244,1763926247,6456,51608,,
0x7394049a44885d49bcc7c9750eb11f97d8d64c27f3e778a2d894ca7594fbfc6a,1763926244,1763926247,6456,51608,,
0x137814936257dbdefd7bea37cdab99c93c27f619f51e295b8d863eae3a48dfe1,1763926244,1763926247,6456,51608,,
0x238cb4b70440e3643983c6fd836c82598b16e3e27ac648097f96e370c414b532,1763926244,1763926247,6456,51608,,
0x9d2f372bd758534f04ca0dfcde57fe67d1fa460323fbd643a5a88ed42e963d5a,1763926244,1763926247,6456,51608,,
0x1ce7b45712ee68afddd5c6b5fe12c556c15b3260e5ff0b7582087825280f4bda,1763926244,1763926247,6456,51608,,
0xb446ca3913dbadda00eaf577d2e109c2f4279efb84b743ffb5f9a0592d699268,1763926244,1763926247,6456,51608,,
0x2bb0edda79d6e17806064fdd5cf78337c997193feabe6bf214359c2cb3c2179d,1763926244,1763926247,6456,51608,,
0xb989cbb372710382680787c4ae09a6a8138e31c2958d62a11374b1c65ad7e751,1763926246,1763926249,6457,51608,,
0xea0a6bbddc3a34bd2084eb172fa1c1bb0abdeff9d2d518cd5e52d8745a38775d,1763926246,1763926249,6457,51608,,
0x54e79306346a055d568105e2a84dc1a222d6ded405bda9e24a0ffa6a79d7eb56,1763926246,1763926249,6457,51608,,
0x96a91ebcf71f6f073ab0d5958d9d61b58d0c2ae901f3e811b72a837c2d71c0a9,1763926246,1763926249,6457,51608,,
0x6c7febcdf82f32eb24cd1e33ad533c773fe7a513b670185ceaed9e3a3b93e6b9,1763926246,1763926249,6457,51608,,
0x17054649d4f76161dd060d6192b4b7f7fac60761cffe90cdc4a974826cc33ed2,1763926246,1763926249,6457,51608,,
0x161e5c9db932f5c844b927617d6f22aa9eef38e4d43bba731541bb5f30ee5276,1763926246,1763926249,6457,51608,,
0x4e9140063a4b65c926d26c0a67986e4c3cf9a05f1f3a6b81e7ba005ef4cfef9f,1763926246,1763926249,6457,51608,,
0x61e2932c6a662e49b8575863ca1ef23f379ad5661d58e850bda8e705814948a6,1763926248,1763926251,6458,51608,,
0xcfe50245252e3f5c96eb0e7470a75211c711a9a2e68e53e175b0b0c22520fb86,1763926248,1763926251,6458,51596,,
0x033759a430f43de0e1571f4f9bd12239504708c94bcf20975c5a599452bd8606,1763926248,1763926251,6458,51608,,
0xd4f92214dc5136a8a2d85f115b10b4d4589b39a3bcbc8aac39fab68130840d70,1763926248,1763926251,6458,51608,,
0xb377a318d300733153f1a6e6663680468b48b8ea2d8afdf38350973a8910f6b5,1763926248,1763926251,6458,51608,,
0xe4691e063673a679a0eb3a9c4ea432eed112c7815075350fea5706b5aa208351,1763926248,1763926251,6458,51596,,
0x539c8934abfe44b944cdab5a784345581d941c810cb14abeafc41f89ec407f32,1763926248,1763926251,6458,51596,,
0xe97bef4b2f1629af6d106348a996e675164b483073de56702f0c14cb729f1e5d,1763926248,1763926251,6458,51608,,
0x9e01b2b3f9ad635eb6ebd45d2176448993d7d751a69c3552bd52d834d62c6d8f,1763926250,1763926253,6459,51608,,
0x34afdb875b62f5f511fddeb950e16f2b53d61c90c4178aac61ba4cb1b55c3389,1763926250,1763926253,6459,51608,,
0x975851d71582140bb4f27077b475dfd660ed042f66c75d7195de30a9b181cb46,1763926250,1763926253,6459,51608,,
0xcec8e537691d7d25e3e8b4a81d362cd94e23b43be75c878a234acf3ac03e934a,1763926250,1763926253,6459,51608,,
0x9d9d1984c0098674d577f118f8d40fa829c50274b81de1b505e95921737f7a99,1763926250,1763926253,6459,51608,,
0x46341c2e82dc473bac7b6f94a0dd89fc33c546c34a6484e2b9b5c0cc01b3b7bb,1763926250,1763926253,6459,51608,,
0xf72fec01ad5829256fafbf6efe2736b7421e2babca16e45a93db9ef77501e232,1763926250,1763926253,6459,51608,,
0x2e36c7040ee8c5efcd85a111eb01ce98d2a569977d4335058c7c8937bdadbca3,1763926250,1763926253,6459,51608,,
0x807afdfcd364293b1b5bb310db2fdbb20d41132b0906231cc2057ae71c759d0c,1763926252,1763926255,6460,51608,,
0x81417a7bde0938c637b4c4b0530c2af1163bf171c54aa4c164917dd67163a6f0,1763926252,1763926255,6460,51608,,
0x44a0e63be0d7d08ec8f9a39fdc42b3b622fa2e07ab24bcfafc18a8b8f47c45a9,1763926252,1763926255,6460,51608,,
0xf1b27896bafba65c5a1e4b7b5d4084607e985ed8d8de603679a50fccd7ef41e4,1763926252,1763926255,6460,51608,,
0x7c4b7e326618bf52fbd98d846e0c7802b7455328bac5e955c4284e649abcf8bb,1763926252,1763926255,6460,51608,,
0xaf20f1426431a2f5b67ef63ba4b4ea607385e0d1c296e8b57d48872d693bd75c,1763926252,1763926255,6460,51608,,
0xede97782dbb508102e4c4a493c2dd88eb27aa5af826bf459e0369610aa346204,1763926252,1763926255,6460,51596,,
0x1819e1c994398a18a8e243d262362d96bf02ae384b444c9abec2f939aee275a5,1763926252,1763926255,6460,51608,,
0x967418b41c1ad08fb039aff744e7db25d69070e6027d5fd13226ebdd6e635a5c,1763926254,1763926257,6461,51596,,
0xea56a41f3650256cf5e6d7aee896af7a00c791206279b7a1c3b4a31cbfe6baea,1763926254,1763926257,6461,51608,,
0x50cbeb2cce2796367b2cbe5c15d248ed346b031cedf1e432ffbcdb7b58a3c001,1763926254,1763926257,6461,51608,,
0x8a2cd272b1b039d188cbbaae94860121efd58aed30209841b33f3727178c816a,1763926254,1763926257,6461,51608,,
0xe47ec73add78adb44b652ddbf21f6209155f6b8ee2d08821b170929be7437d5e,1763926254,1763926257,6461,51608,,
0x97f563e4f469b4cf7ca14211582faf0f46d4a6147a99877da62f48cd5e71b4ca,1763926254,1763926257,6461,51608,,
0x820676f64e3d9ee330b37f305258e30247b79f1df20d354448efde8a5ee8bf8c,1763926254,1763926257,6461,51608,,
0x78497809256f2bc1f765fd22bdb260c3d939627f10911ba63090113d36f6d5fc,1763926254,1763926257,6461,51608,,
0x78f81e6553b9340bbbe3487d80b541b7f4abaa29b653139c46353ec58c999988,1763926256,1763926259,6462,51608,,
0xc62c74ffb5865997232275c13340e1c9aa465b11548b2d613c6457fe5d5a4859,1763926256,1763926259,6462,51608,,
0x3b9a888fa191e560bee04ab5caaaf58789c90e8dc68d97cbc516adb760cd9ddd,1763926256,1763926259,6462,51596,,
0xf261bc943f1d8189a3fbe4ec21c7b2806d3361e379fd8150768ab97c81931878,1763926256,1763926259,6462,51608,,
0xd5585afca36791add6805544f7e37d194d34bf4d6817bb00be304244410e77d0,1763926256,1763926259,6462,51608,,
0x06816fcf7bfd7e847b0fc858e10954fff45cffaea92c1dda68a0147b5f94dea2,1763926256,1763926259,6462,51608,,
0x22b0e604a544c419c06406a42963f91595bdc751a75da867316d3cacad29cd56,1763926256,1763926259,6462,51608,,
0x8caf2a35729606bf841cf138c93066f15e450538a445d14d853a713ea75765cc,1763926256,1763926259,6462,51608,,
0x14837ccc417f22d9e04822d89d33460345662109ebe2e83e9fb3aff372fe2851,1763926258,1763926261,6463,51608,,
0xed106f2d61a2a28f8f456b424108c0a3074171dccb6794e185112747ddb50e63,1763926258,1763926261,6463,51608,,
0x41e543798ff1dd203b98bdbbce25f701aafbb5596e10eec6becb23127f2574c3,1763926258,1763926261,6463,51608,,
0xc37b8ea042fedda595a75ae60b81e43d205f69022523eecd1cce930c7d433cc9,1763926258,1763926261,6463,51608,,
0x788cd81f34d0d55eba475ad0cbb978f8868aba52d94395b2f73bc5f5f12f4232,1763926258,1763926261,6463,51596,,
0x686fc979a45037fe10f5005a52e0e70acb3dca14414375d1ba285e9d61537b26,1763926258,1763926261,6463,51608,,
0x7506e9c8b34b0e51a1af6048b6938b09ea696fb294155344ce5be89fa0a1dcef,1763926258,1763926261,6463,51608,,
0xbb45adc4d366d7dcad05ebedc3da8dc58bdd934cb235318722cc55fadbe7dae7,1763926258,1763926261,6463,51608,,
0x6b1fc5e9514722ec35dad15cd851ce70b5cc6312c19bda55e528aebd73f662c6,1763926260,1763926263,6464,51608,,
0xaeb61615c3019047f0f15ab0318cb196f665c813d660c08cf94cd3ca684506cb,1763926260,1763926263,6464,51608,,
0xceb71233a726bd43787e6920a70075d3053ec4fbbf734437076f0b1f251e07a5,1763926260,1763926263,6464,51608,,
0xf3721e970c7f1d1a2bb146eb65f5d7b29ab413cfc5347c0f2091d2a3f95b439e,1763926260,1763926263,6464,51608,,
0x6c50221a38afea6f1eb11159060a7e33781fd307d67f5ded7000aa99686533bd,1763926260,1763926263,6464,51608,,
0x733f6e87fbe68b8c3a6a4e47c0314b808eccfdc94ad5d9b8b4097ff2261da2ee,1763926260,1763926263,6464,51608,,
0x2af6c3508bd4bc7732f7b8c4894285d50de8e74afd04e780f8ba330a18613c3d,1763926260,1763926263,6464,51608,,
0xf0a97c70c466a6c7cf6bf923adb596f2331cd23a40b167763f10b2f9b392e79e,1763926260,1763926263,6464,51608,,
0x631a107d50c00733f7fd336b6eb60dee64a5a357fdcdcbe787bd822966a7857d,1763926262,1763926265,6465,51596,,
0x25360ad85bd9aa600a2ca7ff8437ed291e50422bfdb47b91e98a0e0bf7a75f63,1763926262,1763926265,6465,51608,,
0x6f9989841ed069366e33f8a8f7bd6012f1979959f0ae3e10346a1c6b337812e7,1763926262,1763926265,6465,51608,,
0x6ccef30d0d7192d82d015d9c594833beed552abaa43301a877f44856bf9007c4,1763926262,1763926265,6465,51608,,
0xd6bb7b16eede5f5ab0d9ba3041c55596b6c7c1fbf68f9b351c27f253882d3d6f,1763926262,1763926265,6465,51596,,
0x7c213d30a8fd83b5563f30fe8ebda0ab091ac7a170fdeb1a22ce1fa7adb5f75c,1763926262,1763926265,6465,51608,,
0x49bbb47735e97c6f99784b04a4bbac50daf469f1c55094c8e460a9c66f62860c,1763926262,1763926265,6465,51608,,
0x3520f5dc4bb20cb120a5c54acc1a3042b0e33db6eb3f23e0d0b04873748e3721,1763926262,1763926265,6465,51608,,
0x60f758362e736a50902900db43a671111aee386fdc93b03218f722b1411265e2,1763926264,1763926267,6466,51608,,
0xfe41b362543b773eea559639ce417b128b7b676bcf1c40450754af14c4b37736,1763926264,1763926267,6466,51608,,
0x454b735abf6ee56e464541e5d629deac8b0cbd40ac4cfb44ee81dd2d46929d12,1763926264,1763926267,6466,51608,,
0x84051e298afaa67b0874b192a3bb6fc891e8c6d1d01bd4628f9b7986bce8a2d3,1763926264,1763926267,6466,51608,,
0xecf12d7bb4341839b900858784bdf0bbe3e9d606be2936720a3dadb2878877b4,1763926264,1763926267,6466,51608,,
0xd8b636e5d9aa9ba5580ef8127a86d5d170ba7d13e88dd15c3869a204b2e1362c,1763926264,1763926267,6466,51608,,
0xa821082f7127d2e66a2dbb4b38b754c2bfe9436daf7ef3958f43a0b54c7ecf8b,1763926264,1763926267,6466,51608,,
0xef2f11398c4c2129c6919f6957b1f36e16dd8cd00cb1d13085525888c8ab0aa6,1763926265,1763926267,6466,51608,,
0x77992a883e0e198c8cfbf26c2bded37cf2ca827f00d9cba34c707cb793b236b3,1763926266,1763926269,6467,51608,,
0x471fab452e7482ea28db675854ae1ca74391d720b1625f3fafdc529f960f16cf,1763926266,1763926269,6467,51596,,
0x7a78be31def35f3cfbf0d7717f8a5502aa126709afb51f16002073a40c753009,1763926266,1763926269,6467,51608,,
0x22e712a681af447091e94200157801572d2e39a8298ca8a6c9cbb20f59151911,1763926266,1763926269,6467,51608,,
0x46d11419da968c087f925b81fd598068ca3a1b0c99ba7832c84728757664a7c8,1763926266,1763926269,6467,51596,,
0x0b86a04538173cd853424b03458e587c3562dab374fe28e4bc24fa3679b282c4,1763926266,1763926269,6467,51608,,
0xdaf3ea29a9eed0709b7feb7ea0d1f32ff72393aa934d2211ff07bc986c9d9076,1763926266,1763926269,6467,51608,,
0x76bf0e55ceb183cc36e01618051eae994d125262d9101fb36dc0a70b3a31fb6f,1763926267,1763926269,6467,51608,,
0x587a192877ea0bc92bea50bf14b60a45322ab9e951f8d8bf0d9d8f0dadbcb398,1763926268,1763926271,6468,51608,,
0x5a05c9ee74d2fe623ece2b7268232cd24d8829e34a09f54eebd2a6bac04b900f,1763926268,1763926271,6468,51608,,
0x97552e24b410110f790b02516cfa896d1a3fa927aaea82c293c0d4b8e578ba22,1763926268,1763926271,6468,51608,,
0xab82bb6b949dbccae1376c034ef58acffbdbd062f8c6a5fae6e220ee8d53b1e4,1763926268,1763926271,6468,51608,,
0x3464a3f0ff8a3f94c6766121e2525330212d127f8b416d158c07d884e306b464,1763926268,1763926271,6468,51608,,
0xf497e97ca959055ba91112768d60c2020b133c9139997bbc67da59b87e008517,1763926268,1763926271,6468,51608,,
0xec18a1467f78754ac29023d8923e449f4a150b09e4bc6b375855e7021e814901,1763926268,1763926271,6468,51608,,
0x9c1706951af5d2a3faca4f50a827601e3e67fbdc13aeaa7460da1842d032cd14,1763926269,1763926271,6468,51608,,
0x2345a34a9285d43f727467e2bbdca025007e0d364e0fa8695d346c476635c924,1763926270,1763926273,6469,51608,,
0x1b84e4171ea8781948c6352d6db1f8458472a2cc73d2ebd1ace2aeb0fc6b2424,1763926270,1763926273,6469,51608,,
0x2e5698b609b389b05918b7251b752013e34da18d91deaea016d0c76de4141e5a,1763926270,1763926273,6469,51608,,
0x4b57690eb122f212ac60aa453e5a5bb70345fd7df466f2165ad4ccc311f2a3f0,1763926270,1763926273,6469,51608,,
0x56e3663c516fb9a162c3b951d6d3f5af39ba21cf4e46b6195698fe4320f41f57,1763926270,1763926273,6469,51608,,
0x37af2497445f2a4a6fc516fda2834144124c824cd60c1d8202517fc12d0b737a,1763926270,1763926273,6469,51608,,
0x3447c6ad7b768e800756e389dca544b5d8cee322af739d03475fd73b68d4442e,1763926270,1763926273,6469,51608,,
0xab12e2143d0b64dc0660e8881b92ba5e34739972ff1aaf383d5510f9b3e5c3ed,1763926271,1763926273,6469,51608,,
0x44003d0c7323b5060c5a0da4ca2097b13e55d25658d91239b20e71613584a4ec,1763926272,1763926275,6470,51608,,
0xa5c6208b13c6393091ee912db85c7c98b8bd62b24a5b157ab52c7fccc55f712f,1763926272,1763926275,6470,51608,,
0x4f06fe793d8008a5df995f0e51641467a0dfba8ab2aaabc775f138b8f4e98a01,1763926272,1763926275,6470,51608,,
0x5d9cf3bf991e4c2a9665b8d6ed60a1b2299ba4bec670a3e0e05498ebc67289bb,1763926272,1763926275,6470,51608,,
0x34275ca309468e89d8b5ab4a54b2167a6fa91be3f071e366411c224bf1de1721,1763926272,1763926275,6470,51608,,
0x1b1cd6876131cf785f71b7536d757cc9ae2ac051dec59f99bf0c52c79813d503,1763926272,1763926275,6470,51608,,
0x7342e37cf5100845c6c8480d33bd43ad060214001bad7ca18f8af3a0ee3cb868,1763926272,1763926275,6470,51608,,
0xfaf394f725cbf08b04e34b93c9b3b806129251d6456ccbca8f2b141847c0bb64,1763926273,1763926275,6470,51608,,
0xbabc97903956c8eae975fe5b3537999c8a2b55600af776e6a9eb312ba8c98d58,1763926274,1763926277,6471,51596,,
0x1766ed0705d92e29b5c218b94e49909b73c9e308a3755144efc14aaa9c5be704,1763926274,1763926277,6471,51608,,
0xbfa47e201902b8bf43d207c3e25a53a9c6c8462397dc4581954df37442c60528,1763926274,1763926277,6471,51608,,
0x3631378b15a2c104075cb09db7585dd641deeb8e39b54b6b029c913f6ceca95a,1763926274,1763926277,6471,51608,,
0xabb4322a70a9d1da94d4f4e21709021cf825dc955cf86a2467a10abe0869efd6,1763926274,1763926277,6471,51608,,
0x15dafd51a25a8d2601d5464f16dc72ac0353f49bce926480b91695ebab5df75e,1763926274,1763926277,6471,51608,,
0x0d46495aac6a64107581cb94dc0a3a970bca9f29f947de3bd78fc231092facac,1763926274,1763926277,6471,51608,,
0xf2985c24563718fa13ad13d2e7e23496ae304757024661dd19aa073add5ed3eb,1763926275,1763926277,6471,51608,,
0x28121cb64f77e9d35fd7803bd988988b446654f590c20d4127bacbec81780669,1763926276,1763926279,6472,51608,,
0x28ab6250b63c45396f982d8fbaf497940dfccfe51c15c613176fb7ba2c1b0334,1763926276,1763926279,6472,51608,,
0x3cdca15129915919add6b17995dfc053a015f7ef1e7f55b7f0f916db11eb98e6,1763926276,1763926279,6472,51584,,
0x0cb226515e56d5c42287750e2d0192e0c02dc310b904dec8bdb4e181071d0b66,1763926276,1763926279,6472,51608,,
0xb85fca591ebe5e1858d013644a0b8ac50dfb2f512f109993f30a927fc254d946,1763926276,1763926279,6472,51608,,
0x38d099a9f4b3f4db1c1418b3705f8ac778008f44036819f40e9ba5810468310e,1763926276,1763926279,6472,51608,,
0xabcaaba852e8a00692dc055140f38b8f0428aeaa111878aed217720d03fff77d,1763926276,1763926279,6472,51608,,
0xe7aac4ee98019dcf9ffcf1ae1883591ee56d3dd3391ecc5b4329af6a71c04bd4,1763926277,1763926279,6472,51608,,
0xf4d03664196a167052e111e92d59cace58740b6d0722e3fee8c3c614c2e0ce85,1763926278,1763926281,6473,51608,,
0x90c2c403371a2f8b4a30e52e4c6da5bebefdbb021a292fb7f0bc97bbfdb51562,1763926278,1763926281,6473,51608,,
0x1c5677b28b5c64665a200fefac26dbe7930439a655813602ec1eb6718b625d9b,1763926278,1763926281,6473,51608,,
0x750dc20d08b3f5be172b32831571359b46e1ac212cf708807ea29ee4f9ff72da,1763926278,1763926281,6473,51608,,
0x157d1848829cb02f41f13254b897a1dfc8555407c399e2667c0c8522555278cd,1763926278,1763926281,6473,51608,,
0xc6e1c71109e3252e58e9b112d331552b782c921d37e5296e7c4edc3075fe005a,1763926278,1763926281,6473,51608,,
0xb6d989afef3b3757c0014dd4f6bf93a9ff405b08c1ab0ca1c5158839c1dde9d3,1763926278,1763926281,6473,51608,,
0x79ebe2c84998c7d3d71124c6abb595d5d10b83876351e8f61e625fd232730fdd,1763926279,1763926281,6473,51608,,
0x722954d9b9b68221c59558871b50b20db3e3e468c25ea9098afcfe731bda6c6d,1763926280,1763926283,6474,51608,,
0xfe793379f8121a90ba767c2ddda0f8ed4d1db49f06a8fdac64cb4872793587a5,1763926280,1763926283,6474,51608,,
0x7b04c707fe72de19cd22bf8709bce4ef2f67b8a7d34cb289aae138c94b4104a9,1763926280,1763926283,6474,51608,,
0xd3ed87d7f7e38a5cc8a94523ac37251188ab5822cd85afd1d6d7b6c649843182,1763926280,1763926283,6474,51608,,
0x7709f40ab8a55a758dd9f3dd823e140c8be226cfd80ec5a06d37b3ad9759e56a,1763926280,1763926283,6474,51608,,
0x8b9b751fe9a481d1c25341d44f16f0c15dfbc0e81915e1c6a0629d89a440aa4f,1763926280,1763926283,6474,51608,,
0x9d848c66b01826f8930409fd4d666363864b69d1292f6152a6ceed7bdcd81c3f,1763926280,1763926283,6474,51608,,
0xfd27aced24e64dfecb95d788816e40a6b87848a7f2c0d57deeb24d18bb18cc23,1763926281,1763926283,6474,51608,,
0xd1c3d538d190809d255bf5e002758d0d1061b25103467cd21dab85390caed0e7,1763926282,1763926285,6475,51596,,
0x87050e4720d06e639000d75892c82276eb29e710d8bffbfac459d81f23bc5db5,1763926282,1763926285,6475,51608,,
0xac42f47e675ff819b7a4b98e360e1f20b05c07a5cf512311ee2ac0708aa763fd,1763926282,1763926285,6475,51608,,
0x8b901c62ec99ee7a666ecff554b2c668740af3f8f634693d32a55d9df8654d9e,1763926282,1763926285,6475,51608,,
0xaf3f2c553e20e573d17bae86ccbe878b8e8467994564a8fae8262912d27c3ef4,1763926282,1763926285,6475,51608,,
0x64a4e76f7bb9bc435c62599d48d6a9f3341a5f6749854b4d4830fe2345ef172b,1763926282,1763926285,6475,51608,,
0xc79100014efdd6238227ed1bf20d4b744a8d6d1bd0a721df1a69bab8e5ae9d21,1763926282,1763926285,6475,51608,,
0x7746e38788d5b98a84ea377379c81cd4d4c7a2e08e82d2e725275466e53ad3bb,1763926283,1763926285,6475,51608,,
0x9a117ea15df9416c5a968f888b74ccbe840b67d8d8d5d1a17eb89328e69f21c3,1763926284,1763926287,6476,51608,,
0x0d6902761279c026575defe38fb36b6cbcab635163ac933ab0b72766551209a9,1763926284,1763926287,6476,51608,,
0x21ea6ae28bd873f901d75e0ef62526fe338f8d574c76559d643cdd0d95186ec0,1763926284,1763926287,6476,51608,,
0xf9abb18530a360a4dbff6463cbbe97f314188ba83c6286990dc4d24c085b3fa3,1763926284,1763926287,6476,51608,,
0x74c82dc0511d8e2e5742ccd51be311e4ed1f7cb5c9ec1f292805d2fd28fc67e6,1763926284,1763926287,6476,51608,,
0x52f6e3a1f4679b5eb392e782304b956f4e08c1b5846b7c208dbb02903367add7,1763926284,1763926287,6476,51608,,
0x69f0b3152d4e9ce21814d202533a4453718716e539fb2e15d749470b9043e0e5,1763926284,1763926287,6476,51608,,
0xd7f26a6643fd769d5005a76eadc289d01ccf3b4e5d5b20b706e117fbd2d25441,1763926285,1763926287,6476,51608,,
0x94a71be1fc3fe9e856ce670dddd4f4b038576da524d4efe3f3508b1e4da8e52b,1763926286,1763926289,6477,51608,,
0x2bf57edd8ac03c6ba8df01dd7e340f8e7768f6fea3bc79255750a067f802d6a4,1763926286,1763926289,6477,51608,,
0x11547cbadf91a71514e2d744ae2264f04ab0933308b4ec04a5dd28817d54c374,1763926286,1763926289,6477,51608,,
0xee4d6427fd8cffbdb08fdbe0a983b1658a25e161092ed0663587d6d372149f16,1763926286,1763926289,6477,51608,,
0xe34a208611f4284f483f93cbc630d75279c7dd6975549572c1d7be2c0d13bc32,1763926286,1763926289,6477,51608,,
0x13aa8681a1bc1f313e84263d430483ec0239e213972529884bf923b64af09a54,1763926286,1763926289,6477,51608,,
0x6bb87d68a84329f4f21b47d46efe5bd851da14a4ee5a76e9411a13822fe582b3,1763926286,1763926289,6477,51608,,
0xd9c0cdb053479e6b169db6b3e43c79ad7030b774959f01916e2710ef4d38e0e4,1763926287,1763926289,6477,51608,,
0xd80113be10435d12fdccc001b80e5564564020d959116c752a85e4201a8bbe67,1763926288,1763926291,6478,51608,,
0x3463df829969e31e4d84253dec503ebf7e1a59d6c5273a740b05d8bb948e1860,1763926288,1763926291,6478,51608,,
0x73bd12b7153297c03e4173f0def68bb4df79a8bbc5d2e1ab59de6929002d3da4,1763926288,1763926291,6478,51608,,
0x5921eac7d3f39359fa8149e5505490dabe623636973c98c8f84f7bb41f4803b2,1763926288,1763926291,6478,51608,,
0x5ece3bf8ddbec4d4a321d3799e6891a61d27de9012a7fcc1f6bf1a7e3086d7c3,1763926288,1763926291,6478,51608,,
0x047b12fb1f68edb0f3787fd21402fb84f21907953f5fdad421835e72d5dde3bd,1763926288,1763926291,6478,51608,,
0xce8d56046f3c1e426145fd8b877d64cc3624bdadb1d12558bea988d781f75e1a,1763926288,1763926291,6478,51608,,
0xc60ea7116a3a388b3ea12a66a412337c89005b29eaca10491f3b8ecb6f30eb3e,1763926289,1763926291,6478,51608,,
0x1bbbd3efc9442474ea8cd7e3c481157165e99db61d10568171031d9ba1f889fb,1763926290,1763926293,6479,51608,,
0xf49c79821d03dae02153a34aedd8ed1e6cb6a8cb46561b31feb73e6162080746,1763926290,1763926293,6479,51608,,
0x645ea805fe8108d6f35c61a186c0a9a0fce2e6938dfb2ae6500a4e8c50e110c4,1763926290,1763926293,6479,51608,,
0xfc2d7d4218ac650400883eb839a9c20f75fe737675e5f87bb8c5101640a82c2e,1763926290,1763926293,6479,51608,,
0x58ec7737448fa1bc24a29e79637928a042d0556471255dd4a9a5532dcb9a09a8,1763926290,1763926293,6479,51608,,
0x17a4769fad6bb5ab849e0049821e7c437d9cc145a2c82652323b6ba92976d6ee,1763926290,1763926293,6479,51608,,
0xc952ec260d12282ccecfca5cfbaf915737eb513a0cb8a7495005aaf518fd7843,1763926290,1763926293,6479,51596,,
0x7ba277abc442da78c1e698f22b48b8b1df4df2f2cd2a2b22841594c1387375f5,1763926291,1763926293,6479,51608,,
0x90973111d3f9f79ab425fa6872a14c2bdeddd672420f8d7cc58f160a5d750136,1763926292,1763926295,6480,51608,,
0xcf070332032e39d71f801f9295c5c594c1c806480b34339b749854ef2d9e16d9,1763926292,1763926295,6480,51608,,
0xf289ebe5d4a4b049d9af164b617c16fdd931b6bcaab0e34b9da60d54dc5752d2,1763926292,1763926295,6480,51596,,
0xc4ed97aaac408415f5b92ad1f8768000e85d07422d25207eb3b335de57a197ef,1763926292,1763926295,6480,51608,,
0x767eec3136ad1a1c53a75be01fbc3c9a40669d91c7641b349cd4c40e6cf7d01a,1763926292,1763926295,6480,51608,,
0x79a7e0ce2b261ca120f796c7c496fd5ae3c81d9792b47d501556f2590f8c05aa,1763926292,1763926295,6480,51608,,
0x8f19e21e78c3d8fefec8d65f599aa4fdc3e89060ce2f3a6cc18f98ab3e4c48a7,1763926292,1763926295,6480,51608,,
0xebc8672516df0bdb9bec9752e8596f88b45d8eca951da9e97fd5369c201a8521,1763926293,1763926295,6480,51608,,
0x485b8330e23ba05620795623edd235477e2ae1093d232ae6c70ff21da05a8460,1763926294,1763926297,6481,51608,,
0xf5329dc05aeab8596cef5d987ed9391b50f4faaa6fdcfa5ed79e38b32224e5ee,1763926294,1763926297,6481,51608,,
0x537b5afe8c8d5e9e825a93446e5ecb30a87b642407fcfd20234de0f95b970d57,1763926294,1763926297,6481,51608,,
0x94b6d3e97568ccdea68359b05f8bc66906cbfb7f5338407f0f4885fbd4e7e161,1763926294,1763926297,6481,51608,,
0x963442042b28ccf025e16709a6f9c3090eae2bd4048251a75dae3c29a8c29585,1763926294,1763926297,6481,51608,,
0x4039d88d206f618a274d83f0d0e3d09b52a311a521eb439edf3f155e8e476464,1763926294,1763926297,6481,51608,,
0xc427b482a8c1884ec466dea132892c01d7c989b9710f399fe35988d05ff53630,1763926295,1763926297,6481,51608,,
0x84598f527b19fa6815d8c3a4d5c36114220d5f5e26782b257e93a48dd54509f7,1763926295,1763926297,6481,51596,,
0xb4e8786ed8f462efffd051decea44a4222a1a439291ca9e379d787e8bf6b3510,1763926296,1763926299,6482,51608,,
0x0a1e128853451f38c4be30976c0a34945bfb9e0017b5b5446596545a58bf2864,1763926296,1763926299,6482,51608,,
0x76866736586ba5b258cee1a0746e441f939fb49ddb57d114c88a6f19d18f5aac,1763926296,1763926299,6482,51608,,
0xb547143c51511522ee1bcfd0ba82eb00e3cc09566d9aaf145f2f3457c9c2a0b9,1763926296,1763926299,6482,51608,,
0xe9f0cf21904c586c6cfb3a345e09ca090ffc8a09a340e87589d08bb8478e0ad6,1763926296,1763926299,6482,51608,,
0x2f0d0460ebb28354b03ca13af6a4bbfc36a5b228b58b204d5184a2d8da3112da,1763926296,1763926299,6482,51608,,
0xcd1b9f8d3d0bb76b40c33bf3bff34756c2793baf9c570e2c846b7f9e48864f45,1763926297,1763926299,6482,51608,,
0x8cff7ab64766dcde750ef139eae8bac5d268a59dabf0f267c91541e3239dda9c,1763926297,1763926299,6482,51608,,
0x17ecc97aaa765f4c19b4b0c2a6845aa699a3cd1bd91437934d33f80876fd39d9,1763926298,1763926301,6483,51608,,
0xb9e6f948d62c71bac014fe7c3b177a11dbfd51a34656ca23e11ccc8fa4db1d06,1763926298,1763926301,6483,51608,,
0xc494a522267a411fd6114b11ce4ee77a818bda05a0552b2a543d0ff4be2fbc5a,1763926298,1763926301,6483,51608,,
0x4f8a2c34b1f36b896440bc53ecb397ee8f06aca977307f739831e76c25efd827,1763926298,1763926301,6483,51608,,
0xc75545087ca7f7df44bc6655b7d8c4e547512fc88cc1734ba2d3ecba46997789,1763926298,1763926301,6483,51608,,
0xef9ffe121ac0e250534428b5c9a0733a91929d3f1c7aabf69b1a8918cd2ccde5,1763926298,1763926301,6483,51608,,
0xbdbbb8f10f24b18616e0aa72a1048270d7af9bd3a8246cd0156e73cb413b7458,1763926299,1763926301,6483,51608,,
0x026a926957cf43d06112cb73e3b6d105827d61ccf6f3e062629e5d6a51e5818a,1763926299,1763926301,6483,51596,,
0x3bfda11435a7a25788d5f022bc4b33fc870086da9cb4ed19acf281dcae6b02be,1763926300,1763926303,6484,51608,,
0x2313292f26e28e81387dcbca8ae81d9d36fd218d8eb2e2c8adb25ad9eecbc018,1763926300,1763926303,6484,51608,,
0x9b37ddce42eec2a28681e0a03c4f2e821c3f65410373ad111453530743ba8614,1763926300,1763926303,6484,51608,,
0x6ab08a0fb6582749c7952daa7447e1f518b843b8f6dccbb16b4a461c245d6a87,1763926300,1763926303,6484,51608,,
0x78f6aacfcce2d248b29e787baa0d5f1e56f4340e74e5465fa6fb5287b99c9c00,1763926300,1763926303,6484,51608,,
0xd334023cd7fbdde6feb48bfd2cc06ef15a126842df3440b78fa10296c28ba6bd,1763926300,1763926303,6484,51596,,
0xb2113f6e800013eca5952ac0f6e78926fe46c62ff326535d062ea3acb98c6d20,1763926301,1763926303,6484,51608,,
0x6776514b491196ce8007ff402b165dea0d470b95bc44901880ed44ac005e5b1b,1763926301,1763926303,6484,51608,,
0x0b600b11c374c83d07e152e05511fdddf042230acbec9c3460d03c92fda0d8e0,1763926302,1763926305,6485,51608,,
0xc433c712f0160f4d41e8c126577935311e758d014ac2d831de33336d79fe7f31,1763926302,1763926305,6485,51608,,
0x28c922aba54bd714382ece36e7e06ee05963b0c2b6cc9e5808408867f53617ee,1763926302,1763926305,6485,51608,,
0x3fd04c9fb036bca3f152075fca80620b3b9aea7e112262559df5561abd59528c,1763926302,1763926305,6485,51608,,
0x7d5792b920462ea074787c7b3d32f3b991d303749db65abe697af7420aad8609,1763926302,1763926305,6485,51608,,
0xad7c19cf2d97a30517847066769a469a42aa816717543a55567fe6627bd4c504,1763926302,1763926305,6485,51608,,
0x1b4bfcbe964fbfbf6599fd939235ca9d76b1355531d868e3e26279aff51a8252,1763926303,1763926305,6485,51608,,
0x1de80a9bc5f021505ea165217eb7ad8e88275c127774b6f1de0fa6edfdbe979f,1763926303,1763926305,6485,51608,,
0x9b32138559dc468af46523f2a7f2320fec4a9306ceb9a7584dda67bac4b8e4b3,1763926304,1763926307,6486,51608,,
0xbd490509f6a95c5c0c6675f8742e86cae863496f47b8ac5393f74c815d5c09af,1763926304,1763926307,6486,51608,,
0xdd83288a912219a62381c5848c7466643b0f964621c8811ff689b0387d10fafc,1763926304,1763926307,6486,51596,,
0xa4cbbd3691d24a87672bb30173bb2d87e529ed6a1e69f7bd0f0272798cb8b80f,1763926304,1763926307,6486,51608,,
0x3e0e61557695dfd5a57fc21cf3551f06143abfc391b8dc6d22f270bc8cc83440,1763926304,1763926307,6486,51608,,
0x77d40fdb5ba0de716d6eba3b3e39a7168792f08eca802848d67e27196511e201,1763926304,1763926307,6486,51608,,
0x7f9ae00f44b480a3ac20fe2c0fe7855b0c3244b1cf7211c29cf9933e2e3d13c1,1763926305,1763926307,6486,51608,,
0xd5201542471be1dd07abd0335e0c002f918357ff66b535c3067bae24ab7c31cd,1763926305,1763926307,6486,51608,,
0xf003f2899522c4ede51bc004c39c41e21652e74010abd59af9a415aca3846e8c,1763926306,1763926309,6487,51608,,
0x2da7decc0fdbbee9aee7c9d079c30f945d003fa4031b73c128d8e951eb83350f,1763926306,1763926309,6487,51608,,
0xd01290204a3cd250a8c211e2ae9e9e6f5e6ff70149e96f751f5d98a4203e90e6,1763926306,1763926309,6487,51608,,
0x5f52ee3cf03bb1d0b573e1545d039bdf694e922c49f475e979a6821ede6f9b44,1763926306,1763926309,6487,51608,,
0xad7fb30a4ea246328c7652d5f84e5749eab4f7a788131eefd780d7cfac43d075,1763926306,1763926309,6487,51608,,
0xc2812033154c8f0defc9101cb54923e557ef38cd62e808950ae1ad9c4be2a2b0,1763926306,1763926309,6487,51608,,
0x84fa9ac991429fa494294ceff521677bfbe697fffffae1eeb3ffd8873313efb3,1763926307,1763926309,6487,51608,,
0x79a86b716e83ee731a89aef2720bdd19b63d04ef9ad5c70f8ea553b824bf4611,1763926307,1763926309,6487,51608,,
0x0a9494afd16ad9dff999c202c6bf08b4b7f3213d261fb8396b17e6f4f30b465c,1763926308,1763926311,6488,51608,,
0x903c4122521fc0b260cf667c84c9b068df1ffb16bb13d4b3f914c209ff4f1474,1763926308,1763926311,6488,51608,,
0x59932275e9b99215be7a033e80f623320e630afda622dfdf74c29c3cbfac55a0,1763926308,1763926311,6488,51596,,
0xff5b97202c3071f6016e2fbc77d36ad454eb781975dea18697d5cec4809daeac,1763926308,1763926311,6488,51608,,
0xcd544b111c907fad7f13c905f53814534135d92fa4083f7aea1e25c649f310dc,1763926308,1763926311,6488,51608,,
0x8063bbfb62f48510a5bdca8cd96196691d377b53206a13fc8b2f80d334f53f39,1763926308,1763926311,6488,51608,,
0xb171cfc892997777a7b1bb07e81266b5059251d415e661b5d2219dcc7d6eab33,1763926309,1763926311,6488,51608,,
0x9babef3035d4cfb43459c61c40c1c301bff3c13599775c3caea386a06244e78c,1763926309,1763926311,6488,51608,,
0x16a8f09eab9579bdf00c2c92038aceddc9d5eb2686b1681b42f4ff397501b3d0,1763926310,1763926313,6489,51608,,
0x1c698a1b0fbec3134e46cb6f9192d848790cb0585b5e763d4d3238c9b6d2828d,1763926310,1763926313,6489,51608,,
0xab9e36073eb31e10cbbedba075a1623f057a3bbb52aa300f33dc15f9e0d6dec8,1763926310,1763926313,6489,51608,,
0x7e9355f771ea991ab6669e771b29fa49c537ec57bba2b63d1e0c87a13cc3f84e,1763926310,1763926313,6489,51608,,
0x0ee54d4422317d3cf9ea8cde9c20930419570011d5926579752482b3c527ac4b,1763926310,1763926313,6489,51608,,
0x8462bc1a3955f347769d367e2c69dc16c6f35f5bff77abcf62624bfc13b91263,1763926310,1763926313,6489,51608,,
0xaaa4a4ab99324aa9f98c139d7eb700eca155eb4fa12e8e55327a6f6eec6a26aa,1763926311,1763926313,6489,51596,,
0xaf2873d059fc6a0dd7c905b1900928d19cb554a6605e24a4f0aededcc86361e6,1763926311,1763926313,6489,51608,,
0x95342020109dd5388731d0f2eb2f7e23c4d852739373d55e0bfc362397c275ad,1763926312,1763926315,6490,51608,,
0xc45c5fe70fa17a61ab97b9ff9da582a383dfff5f5723ac41f42b681fdd37b59e,1763926312,1763926315,6490,51608,,
0x7f27e0a5f7c56b7382e665e0fa21035b865905b69df60028592e2e456a789de9,1763926312,1763926315,6490,51608,,
0xc669575e72643c19457028bee1a52bbd2429a3d31d500a23c745f028d8bbe2b4,1763926312,1763926315,6490,51608,,
0x78c6463383edb362e32015f6587477ac0d2adb81869c2227c2f6f1e45c9fe97a,1763926312,1763926315,6490,51608,,
0xfdfcb96c872b4a2904c769af33ae415944787bbf2d59d75a04b0d27f17449eb3,1763926312,1763926315,6490,51608,,
0x68901971d703a35fcb203b1172f105b1f0e55e04095712e95264446e12216353,1763926313,1763926315,6490,51608,,
0x11458890e3c646723140172a16ee6a59414e4ffaf80d37f51ad8bab8e61c2da8,1763926313,1763926315,6490,51596,,
0xc259d9e054a0a13cce493e6b9e3fec333eba5473a90b7805cd958347df93d9b1,1763926314,1763926317,6491,51596,,
0xebdb2eb526f47e73e3ff693fe38f292b2b67a69eb959b37f32e99d7fff691a69,1763926314,1763926317,6491,51608,,
0x4a41f289aefed103fa164b2f2c06bba555edeb4e2dc09e9bd9232205db902b38,1763926314,1763926317,6491,51608,,
0x8467d47acdcfee76b9b368576fe09b8ce615f7e4f4976f1b30d6bbfe72940610,1763926314,1763926317,6491,51608,,
0x2786474c1e77a94db73756ed2cd2868fb0ec45573aed066b0a78c9f52fae0794,1763926314,1763926317,6491,51608,,
0x2031c47f8ac67f6d540190dc1cb372fd6de4f4ce299a286d595b91dc95d8eb23,1763926314,1763926317,6491,51608,,
0x789fd3e490dbc208d71bc89fcf63a25bdca7812af138ff4cfb82d50b5294286f,1763926315,1763926317,6491,51596,,
0xf4b989b65a6b9f02f6e8d13ec0cbe27e313fe16979c8793f757c8964f896123c,1763926315,1763926317,6491,51608,,
0xd7971f67339f24324ca498398cd96d5a7912f9ff3b413d6e0eddb0ffd07204e8,1763926316,1763926319,6492,51608,,
0x1a46d31d4d9056a456a0164b27110985f8841d05809590f15162e398ecddfe2e,1763926316,1763926319,6492,51608,,
0x5e175449d0f73b9394c42982594286370d273750ee17ee5cd54ffb9ac60fb42f,1763926316,1763926319,6492,51608,,
0x7e911f0807a4d344652a2c3c2d92c114e9e890aaa71ee495b3db192afe7a1375,1763926316,1763926319,6492,51608,,
0xf2d6a766f256f1c227b14d854302af941122a719e79a6a537392f6b75e6a1383,1763926316,1763926319,6492,51608,,
0xa5df3234dc5f3259f620871a6eb50f5fbfd6e902807bfa00f100d00b9afb7a9e,1763926316,1763926319,6492,51608,,
0x5b827278c81a9373602dd0afb3bf1179b121175b2e8330719057581b67d9188c,1763926317,1763926319,6492,51608,,
0x893007a6c8133d1eb95fa63d72d08df947a57de3314d28a98a840ac7eb1bb83c,1763926317,1763926319,6492,51608,,
0xe7eb063574a210d2711997a08d5f7d5db3376d3281e8d4a699e98040bce0622e,1763926318,1763926321,6493,51608,,
0x4d7b3b7532c75131c8d2cee70c829d071a57bea78a34d4148f6932546a33a140,1763926318,1763926321,6493,51608,,
0x1585506ae5d5d5b6958dcb7db6aba983f124259a9c2311b04376b9bfbaba50b5,1763926318,1763926321,6493,51608,,
0x5b82daefe8b5268c28605d8177af869cca27ca8531a6a301c4fd0d4b368175cc,1763926318,1763926321,6493,51608,,
0x39be34866fe8177ef7f7e90741983e35e1e93c14422b6413d4613938b099f5bf,1763926318,1763926321,6493,51608,,
0x311e945ad19263f6519db59291ec1770a0dec8684ad3ffdee88be7190169e127,1763926318,1763926321,6493,51608,,
0x915874db6b0cc298b347b6c9020bfb8afaa8e5e9e1dfc08e167d339be16f9f42,1763926319,1763926321,6493,51608,,
0xf0b7f31b649322342bf85b37460dd9d818290f1841a03df82d8c2ae53c4b77be,1763926319,1763926321,6493,51608,,
0xa2802071d07b59852d497b12a67b69447b0860a563924a2619724bb0f389077f,1763926320,1763926323,6494,51608,,
0x8c57760e6a2c690376798db19a694241f74734698640a2bd8981431985464da9,1763926320,1763926323,6494,51608,,
0x06428381fbd4205caa50de9163a39d281097a950383fb5d5f346ac398b0e4b5b,1763926320,1763926323,6494,51608,,
0x33e31d8be42cd6b88674f3d23b854b8ad700eb223a9e60225d0ebb46cc650280,1763926320,1763926323,6494,51608,,
0xed89b4c8cb2f0145dca57e014dfc0c8dbb1fedc72c327d3122cc5ced7d5c6571,1763926320,1763926323,6494,51608,,
0xed21fd673195d060d6ed0540775b16dfa37d3f2249b38782ceb1f139cc80d932,1763926320,1763926323,6494,51608,,
0x17d3fb69b2cdcec7c513da90dd6c1d0c46d63d699f0499718304aa703403f3bd,1763926321,1763926323,6494,51608,,
0x781752aa04b77cad40d447363711616885a42d4080b5f3df719fdd6a21ac1306,1763926321,1763926323,6494,51608,,
0x2c391251f23e07ece7fb48aa68175bc014b1dcf418952a762050559f1a536e30,1763926322,1763926325,6495,51608,,
0xb208795062fe6075a97000ab44d5b8df266089c0a8cccc121d5e527eda433135,1763926322,1763926325,6495,51608,,
0xce029afbd5d1c7ef46d9154fd961c2981a190195803f38dd238b06ba889ea0e8,1763926322,1763926325,6495,51608,,
0xbe88104af624948ddd98ee74402d717573c532ccf71e0cb3659d930c6c51eac2,1763926322,1763926325,6495,51608,,
0x0933f6cec053af168e95c7555cbcb157fd30ead9c9e5d8e538ef2e3371c4f1de,1763926322,1763926325,6495,51608,,
0x31f38829a40b992b5d9cfd393b66f5ea062952a394b5235791dd21f2d073a1b9,1763926322,1763926325,6495,51608,,
0x830b41077567b41497a62b67cbeee1c3953403b62def03cf895313c51effcf72,1763926323,1763926325,6495,51608,,
0xcffce507994cadc880e169e00f79574dc0330a5141e1a513feb7ed9dfea4285b,1763926323,1763926325,6495,51608,,
0xabf541fad4880338e7483ed187f924e23d188d16843f4bdf77c373971c917119,1763926324,1763926327,6496,51608,,
0xdd01c7aec77fb635ce3f4441b407a8d852b6e95c1f366d7866ab76ea58f476d9,1763926324,1763926327,6496,51608,,
0x99a00797f63ac819ddf91a3fd0aaaa11d5ae4303b8a0525befa12e6422434146,1763926324,1763926327,6496,51596,,
0x0385101074c58fefbb5e32b834e0ae2bc849c6204eea71e460bef72d7acdf64e,1763926324,1763926327,6496,51608,,
0x4f82bed4c3d31e57d92485218edad1ac1ec0870ff67410c0f084f7fa6f427802,1763926324,1763926327,6496,51608,,
0x81f6349b8ba21b26741672562cde0303ca1f9f8e54933af6ace2c9b790ceae68,1763926324,1763926327,6496,51608,,
0x497dfcd4efe3b708e874935109610419922eae8946b718cc9d8fea5a24bc088f,1763926325,1763926327,6496,51596,,
0x3ff061f01fd490114fd716fda0c0e0f363acd1ae09c9ca8afb504330bb40ce7b,1763926325,1763926327,6496,51608,,
0xedd1931e07cba76e9d66cbe5474c3a073f63239b11f3618c85462cb3b1183ef8,1763926326,1763926329,6497,51608,,
0x2bd8b3a5dbca22e1938bd815f87fc7c3b464cea23ad7319ec0a2a5d09df8426d,1763926326,1763926329,6497,51608,,
0x17345d031446cefd4dd842f16e016fad4c5c7c6e1e217954a0a5830fe98ad38f,1763926326,1763926329,6497,51608,,
0x898025f069b324ae74bb81bd91f83abaeb99abfdfda8079b93c7f8af5fd7105c,1763926326,1763926329,6497,51608,,
0x5eaee830058614e8cf8feeafe94939322816c32b4468381408a92a1622535400,1763926326,1763926329,6497,51608,,
0xdf7e032548836c779acca3a8cfc8f4f330856e654f73d93b0379213c5d259582,1763926327,1763926329,6497,51608,,
0xfae20bd84df173ec9ad36ac11cf751829b35af30c189918c5fbcdc46a285f69c,1763926327,1763926329,6497,51608,,
0x649dd31dff87357208e17ca03a33a2e26cbda260d2e27bdb95a6c9f7162f9773,1763926327,1763926329,6497,51608,,
0xcf319ae253cded21cf928cf8152f7ee6be70d34377fe4ef17ff39e76ec7271ac,1763926328,1763926331,6498,51596,,
0x66c8c28b00c31c435ebf3b7500751447f538dfcaa8f2528089b6c71acdd5f260,1763926328,1763926331,6498,51608,,
0x19c8df57e8a1a4d70498fee1ee0f06bd22c66a712ccece74624df603f596a126,1763926328,1763926331,6498,51608,,
0xfd86d0b28e743fc4f750ec9c73b73fbf93207a7daf01a696c74a6ee34af7ccbb,1763926328,1763926331,6498,51608,,
0xecdec9f7371d0db2749916adfa30dd202e6be0a2000cd45248003881cf994385,1763926328,1763926331,6498,51608,,
0x05d1dd599e17aaf60afc82d1807641818b72edca542cce3fcce8ed921e6c0713,1763926329,1763926331,6498,51608,,
0x3660a94f7ffb6c89a634aa0fbc2a628dcf4658a887a30873658660fcb4846fc4,1763926329,1763926331,6498,51608,,
0x34d2655248c802ca1632d258255c201eebee72ded0e9d4c03db8b90dcac47e06,1763926329,1763926331,6498,51608,,
0x3c61f0c9d79aedb5725ebf9c9b35c6c71a4eaafc9095165a419f3974ebdc881f,1763926330,1763926333,6499,51608,,
0xd62ad9cbff2a2a3ada8113ca933d3f932708ccef1fa618ca2da6bec11b741eec,1763926330,1763926333,6499,51608,,
0xb2d9456151843663390131246f184d02e97fc43f48490f070103ed49d31c4d60,1763926330,1763926333,6499,51608,,
0xb54b8e5695529e3317fb458eff2fd44015d63b1d942a211a46e7352fdc658996,1763926330,1763926333,6499,51608,,
0x8c6492adbe6db0d84e7f7aac20896cc83a73355965ddc7d4d25c0dab222a668e,1763926330,1763926333,6499,51608,,
0x0bcc0aaecb1aad398a49a47aa3008e230d6ee513d0f8a5e6a1cb594db2820921,1763926331,1763926333,6499,51608,,
0xa99078d127eb36954456432cc31b6bfc1dd23221ba4d0cea1610bd06507f8d04,1763926331,1763926333,6499,51608,,
0x1b001062420ff9bf2c4b02260164daa88d8ece0589b80f93c2ff8b0216bade49,1763926331,1763926333,6499,51608,,
0xa23fa2658cc12948cac94f9c526e99adb38b757a69cd9b1974bd98e8a8546bd3,1763926332,1763926335,6500,51608,,
0xd00e1b07cf6a238b255e643957d966079a3085813d0a419fa461752b70b3e191,1763926332,1763926335,6500,51596,,
0xfeacec4ff8b59ec27aa383f39f5bcdf385993fbd333d1774db820305881ba23a,1763926332,1763926335,6500,51608,,
0x74f179592f2c5ee66c5729a88660b03c8fa32892fbcf6f56168a4b1130996c47,1763926332,1763926335,6500,51608,,
0x37ef86efe7fb209a1cb2b71cb18ed99ce0b10b4bee3cd3ea772e1eb54a012ae2,1763926332,1763926335,6500,51608,,
0xe31071f75055e372063def8a6b4ba3923da7f6f7b9921db737e9807693c69589,1763926333,1763926335,6500,51608,,
0x2d626c534798ee77dbfe489f4bd8ce83a94d86b9950b293695581d93f5745ea2,1763926333,1763926335,6500,51608,,
0xf6ec067fc0967bfeaef5dc8c1d80f5f4aa2d79877ed5ee2f86fe71eae2eca1e4,1763926333,1763926335,6500,51596,,
0xc661c132bb597fea382db5af4da3de5c32cd0a1224872f70fb1ec5b690511a11,1763926334,1763926337,6501,51608,,
0xc69556f50779c35d179ab7d498300f291a799410cc100370f67076fb2ffb4023,1763926334,1763926337,6501,51608,,
0xbe65d93a5ac02f9b64979432fc855524fc570d84da9f7c91155983a872885cae,1763926334,1763926337,6501,51608,,
0xcee4a28f36e4ada0dcb986a0149a23f5c18db80f28c757bb9afa2c15a98f01ba,1763926334,1763926337,6501,51608,,
0x0d3f4fcb46b9bbad83c5fc776f9da0ee98c4638cc3668f568d5c6a6ae79998b5,1763926334,1763926337,6501,51608,,
0x0be75830d44270041f6a247705c62a3d647537180eff602fcec9e2d9b5880317,1763926335,1763926337,6501,51608,,
0x6979264245f5723d671a3ab17cbc0cd5e9a046f1d48d043b31ef5778d5218570,1763926335,1763926337,6501,51608,,
0x110de3923958a79f8db84a18589126963a54786d1e4569aeeb0c2c1b5f1ca2bf,1763926335,1763926337,6501,51608,,
0x296d7fafe0c4a8b117ef36eef61594cf7d17db13dea1559457f4c48f490cc693,1763926336,1763926339,6502,51596,,
0x2f0c28b48eacef233e8ece1ceaf0d1b8c13c4872918142584f94cdf95d8438b1,1763926336,1763926339,6502,51596,,
0xe55b8d348e853f8398d7ae0661d3613b9d40cdcbf312285e9b5837435bc66402,1763926336,1763926339,6502,51608,,
0x9a802fdfc0a8a2e2604558c9e46f4a58a984d22430672935a59dcc1f960b8380,1763926336,1763926339,6502,51608,,
0xb3803372a911409935ac0f6944eeeba55dec9d00e6955c61f7e467dae52206f7,1763926336,1763926339,6502,51608,,
0x2835a553eb8fe0fae5f00950b84934916bc1ad1c003d6d1cfe396e06c11d3a7a,1763926337,1763926339,6502,51608,,
0x93692723d42f7201dfbffa740c507fcd5ae73ced8e95a40f7c27b6c1d23550e3,1763926337,1763926339,6502,51608,,
0x1c8e41018f52883a05824a633aa771a19f271f7988ae33d6e994e3af057d6524,1763926337,1763926339,6502,51608,,
0xcd628acf0cc7fdfb79a93aa930fd815d65f12d00f84cf796c603d3546dd7c03f,1763926338,1763926341,6503,51608,,
0x7eb22f8f10c48185d91dfc53de5563e2c12b89092f5ee58128a81caebc7cc9ea,1763926338,1763926341,6503,51608,,
0x7e24461ae47a7b8d8bdf6bfd8e4669b94e5198156b7239b238d9f1a17ef565b4,1763926338,1763926341,6503,51596,,
0x4fe9384d91df8dfbe95b60868d883ccf9eb85eda744d393223501c711c4ca763,1763926338,1763926341,6503,51608,,
0x73560dc9a07282e1fa3cedfbf01a0e3fccd8fa7342be6ca38bb28b5fcdf098f3,1763926338,1763926341,6503,51608,,
0x3e67fdc6183264d86fc97661da781a052a49346007bca3d8028b552d6a25dfb8,1763926339,1763926341,6503,51608,,
0x5c917463d0f7d0457b44ec865be0058ab744bd781d09d5fb34a4c7d2a1895119,1763926339,1763926341,6503,51608,,
0x68736de6b6bfa5ce7de51fb94f0deb30d6c9d01bc95fe3a8eef3577183c70b39,1763926339,1763926341,6503,51608,,
0xc2d05f2b0afe2503011f6fe2b98522cf0193af90131d1eb7e03ce647c252e789,1763926340,1763926343,6504,51608,,
0x12944525694d42e0504a0c675c7290ef1f6efb0ac2cff7e2b548ede35314ee8b,1763926340,1763926343,6504,51608,,
0x29fa39c5c75a5e3ec2472f1fa3844411828925a25a2cc533848abee95fbc9566,1763926340,1763926343,6504,51608,,
0xd99b3f39f2b86a36eac786cd63b73617a3e7c50400202396bb56cc17d602f6d4,1763926340,1763926343,6504,51596,,
0xc0f1f661000e89bb04ac1f08e4929fdfb8a00bb5eef3091338271bafc83c9f40,1763926340,1763926343,6504,51608,,
0x70b947ed4090a7eeb80faf6fd4c1514e1c31be427aaf2ca1b6d7c3e76e4bf734,1763926341,1763926343,6504,51608,,
0xd36c973c7cafcdee87959bf8b5631e0e2b99eeb82a5a7ad183a427616fd36e67,1763926341,1763926343,6504,51608,,
0x510adfa968c467278af9762bb608ea50dec5ca1d7ec9d4ada3b62b304604a034,1763926341,1763926343,6504,51608,,
0xe63c5513921414f241493823b8d95b4dfda35030f7b8c44cda5e4acbd6d06e64,1763926342,1763926345,6505,51608,,
0xf85843b24d7020ae4e70eeeb3c8d493df053d64651728035cfaac53e8e37cae8,1763926342,1763926345,6505,51608,,
0x4dcfbd350fa5b8896855b6ecb7dcb917d1ea607f0f0ee4cab41ca11cb7dd9aa1,1763926342,1763926345,6505,51608,,
0xd28451ceb8ae1b3e0e4417b63ebcfab50a618b22785649fbcbe63b163843c7ea,1763926342,1763926345,6505,51608,,
0x22e16d86d04f036031701eade724a6b79577982ae28dc37966035435b5237c9b,1763926342,1763926345,6505,51608,,
0x174f2e7f008b7f23e32997f6bf8fe06ce050aed291fbeb43747e0e78a0402206,1763926343,1763926345,6505,51608,,
0xb33f2973c2aa29913c8e8efedc33a2a0c245e3b57cc699e6130293cd752afb0e,1763926343,1763926345,6505,51608,,
0xf5d4567a170fba10d8a8ab001b8cdb8219118483951b8fefc040c9171e6b4ea0,1763926343,1763926345,6505,51608,,
0xea9667e7b764a4818ef72a5375555ecddd0c32c8784644d1bf6628e155ae3ae1,1763926344,1763926347,6506,51608,,
0x67b08be1db3b010ff083f5becffd8f70c6a6a26d1877e9dbfbdd697c5636613d,1763926344,1763926347,6506,51608,,
0x04da1321f4b6ece546bada47d000a008780dd38c03f1e3a97132ee2c45be3107,1763926344,1763926347,6506,51608,,
0x4ca253f1fe9d07bd252b5f8a8b634dfbe57fa5b5daffdc2085113f04329a9089,1763926344,1763926347,6506,51596,,
0xbe8d8d97edd6a83fcf4f15cd790e57ed5f1f6ae3d8a93c3255e0ac3e6d3d4b3e,1763926344,1763926347,6506,51608,,
0xb191497c3697f416d9a30c64a4b3bbadfa0bf4a9b9d3efce12870674b7598540,1763926345,1763926347,6506,51608,,
0x2603bae84b055590c23a40d8bf7c4877bbdfa82a22b02e1bf10c573a9381017e,1763926345,1763926347,6506,51608,,
0x42ee7dc0067e387b71464b505fb7052c17ecd54bb34e4637c6029cd6a112c9d6,1763926345,1763926347,6506,51596,,
0x911deeec231ab1e01eb3f3ce9eb435a66fbc8301a750b323c77886cb66facea6,1763926346,1763926349,6507,51608,,
0x020d8935e278fc76c7ff09430508923f4e8c52e2f214e24627974027f7db00db,1763926346,1763926349,6507,51608,,
0xc6b1f12650a85bc38023951ffe34cc62dc9ae380a6120e02b55652af3ff35c77,1763926346,1763926349,6507,51608,,
0x5f58092885f28861a170a3cad3e31984f04d39edadd80d33e4124e6efc0f5c09,1763926346,1763926349,6507,51608,,
0xe904ac7e737f072b49717795ba5382791897cbd61875f12edf2b1e6d0e2484b3,1763926346,1763926349,6507,51608,,
0x4f8d622be60a5b67b09fe1bc0188d869e2a3e14c0dd260c83f19c8face7b5187,1763926347,1763926349,6507,51608,,
0x80f0554d5eac7840119f04d832abb6b1861746dbe51733a1d549c981b1f21157,1763926347,1763926349,6507,51608,,
0xed61a4a9e10565809afe5e8facad8b50043e1a0bc3a41431eaf28a610f511588,1763926347,1763926349,6507,51608,,
0xe0e2143e9b77a134cff64e0e117b3114486971b603a47b8a122ec29b2a728c9f,1763926348,1763926351,6508,51608,,
0xdab9356cdc17a079d4a23a11e9ddf8fd05e6143ab7129129c6bb5b79841f96cd,1763926348,1763926351,6508,51608,,
0xf585e6281dee6dd9a73ddcf3ed26b9655cf7eb95dc8747f4b71761c81b08627f,1763926348,1763926351,6508,51608,,
0x98000843b481f30f2a48ef4414af2089e2c5334cc79c115c99f5c3562118e269,1763926348,1763926351,6508,51608,,
0x366f9a09b5c500dd9f31597dc9cc488513bab710da75be04467b65114bd0612e,1763926348,1763926351,6508,51608,,
0x244bbc140e61d8c7a4fd29a082437a9dc24cded150609330a0dc308f47b6b0f7,1763926349,1763926351,6508,51608,,
0x93a550debf3ea441da1e7e5d6a53d6af0c2bb87ae1f8f99217aea79cedd3668c,1763926349,1763926351,6508,51608,,
0xb2d4c30ea67ec233355a238d4ef75585d2bb97fa520230dbc946ab467d712c77,1763926349,1763926351,6508,51608,,
0x8827eddcc452ea9cdc99d21030a9fb5ab280c995d7872b3c9802665721190912,1763926350,1763926353,6509,51608,,
0x5ae5b848fe65d9803c575b4a48a87b943b96f3e9da82bcfbccae3e6f3a427310,1763926350,1763926353,6509,51596,,
0x99cf11bdc0a4a861976bf0c441f337ad0a8e79526491b9d35bc3972dddc86a50,1763926350,1763926353,6509,51608,,
0x5a4eb9c3ad59b405e71a1334853676d311207b54605dc61d4f1652d110878248,1763926350,1763926353,6509,51608,,
0xc67b13949d62c07044f68b69ecb898ce6a770c08975e0676414c1bf0682e8300,1763926350,1763926353,6509,51608,,
0x5a823d0120845a6623e8324ed80bd5b2fd45d67da907838e9a8331111deec80c,1763926351,1763926353,6509,51608,,
0x107e09da5edad0ad38513e26cc750e617f0e9515307c57118adc193505dd2a5c,1763926351,1763926353,6509,51608,,
0x2caebcc1b1e5e58673868c0fa5931b5d0242c3c5de0036d4dbebb730c8f2b6fa,1763926351,1763926353,6509,51608,,
0x12d45f5be5c190d00c633b4bf12d09960573f202b2848179274dedbace94709d,1763926352,1763926355,6510,51608,,
0x1d8564736169559c60e2b707f040361296f731a35fe776b0ed4184c915d41cde,1763926352,1763926355,6510,51608,,
0x342993f38c6689bfdeea9346b30a0c48b0e4c01bf7b07459a4c99a6d2c31050c,1763926352,1763926355,6510,51608,,
0x3b0287409b984a9ec4173371fcb7053f32dfa9ad90105aaed60788f938c7be05,1763926352,1763926355,6510,51608,,
0x142c5292b5a4db1e6c2651cf982690755379fa559ba135e911128d281b61c599,1763926352,1763926355,6510,51608,,
0xec6eccb839eb4185b6009d7ed96f13c90577dc401506b732df03d535668b0683,1763926353,1763926355,6510,51608,,
0x2d65048632385ffc0d6946d93dab3dc5ceb48b490bc53eca1f2480bb50860906,1763926353,1763926355,6510,51608,,
0x8c2ed881f598562dd788e575fa02144ea59741a4b8f555eb99f2faad3e0d0315,1763926353,1763926355,6510,51608,,
0x0c9008a975e2fd686247da006f6119e79603be8fba726f3e7b82e3f7f02b875e,1763926354,1763926357,6511,51608,,
0x05ce3e9567548711563f7b3bd8a0601c71915d52b8e8054548037c1ec7391330,1763926354,1763926357,6511,51608,,
0x4fbbf05786aa0078116a4af19d281ea3602b1809e5a2aa9c3878707ce1a8110e,1763926354,1763926357,6511,51608,,
0xa4c9878a01c3087c30e96219a5c6a83621f398794b6713e232c98072e5cc4fb7,1763926354,1763926357,6511,51608,,
0x5c6f1de54c5c0229030c92a14c9e45e4eab40695152b16edc7e74c14ff499652,1763926354,1763926357,6511,51608,,
0x9c4e28d4c6125134034e98c1a59573a0317715b687da99b8824bb0bc3b50a6b8,1763926355,1763926357,6511,51608,,
0xe8532f421f3f3e1e0d8094d9f2b4a87ae6c8d8b39b9382155ee881ffaeb56f3e,1763926355,1763926357,6511,51608,,
0x26ecf75638921781c5db12c31c608b64bb1fa4360229b44c0f389cbecec229fe,1763926355,1763926357,6511,51608,,
0xd795a15177867a57e611f6ad4451b0afbfc9edfa75ad7c869ff963c716600c59,1763926356,1763926359,6512,51608,,
0x82683e9dcb14ef43b787ab58d4b188f6a16f92e17c945a136acf4bb4d851433d,1763926356,1763926359,6512,51608,,
0x4d00cda77caa6a19e26ac61e926e802f1422d2a711bacafbe800996d95d5ad55,1763926356,1763926359,6512,51608,,
0x26ac0e73cc7cd452b96137e878d283d8f523a9450f540fb4917b8015b7471e13,1763926356,1763926359,6512,51608,,
0x7116772161b524bd3abf183b097050ead64aec9fc3584da3b6c92497fa50f748,1763926357,1763926359,6512,51608,,
0x99df156a87317a3c65a2449dfac8cf5401e9f29d3a30e54332b8945bd50da705,1763926357,1763926359,6512,51608,,
0x3fababdc21935b8c6baf1e7472312b0f8102d87bab251e67608f755fd2ec26e3,1763926357,1763926359,6512,51608,,
0x25236156ac53de88cf444b045b9c24f4d1ce71807e7408e5c96a2d6811f7e132,1763926357,1763926359,6512,51608,,
0xdb3ea6b66f1a9cb6c9d3285322d4ee16f24bd514af7dcc28db30a99bcbe1b427,1763926358,1763926361,6513,51608,,
0x1527b417114816b16b0a6b518dc5bac1aeec13e6abced76a415fd0f9e6262a31,1763926358,1763926361,6513,51608,,
0x808e704eec6ae2bbe5b677b68821c73dc67b46c549d082397b5deaedf45dd557,1763926358,1763926361,6513,51608,,
0x06fcc40214e5970e0cabbf02253eb2bf04e6a4aa2822771423d77fa59a4b8b9c,1763926358,1763926361,6513,51608,,
0x663807b09bc676289bf05fc1f2ea2975c620946afed14a454f29acfe82ceb4e3,1763926359,1763926361,6513,51608,,
0x4db08cf36872b48c1d275aceb5c4fa9f0aefc41d90d7a3f58a20ece243ac47d4,1763926359,1763926361,6513,51608,,
0xd42cfb567ea9fb7edb81babd518b9427c4720d8de7a312c4f099491805149482,1763926359,1763926361,6513,51608,,
0x8f647a9e733f8f0487000c2ee56d5be3e0f141b8d70c7538f923284083d540a3,1763926359,1763926361,6513,51608,,
0x76e74c99cfc6e164bfce66bc9ea4f02187155441b12b5b19f4fefaa7af1af10f,1763926360,1763926363,6514,51608,,
0x5107c67fc715f6991e17376a7489789b5fa646dca2984e344360f02080c34e9e,1763926360,1763926363,6514,51608,,
0x90318f973e66fa1b11c033df3262483a840ef15f0bee7bd0ee0c869318c990f0,1763926360,1763926363,6514,51608,,
0xd6494e9afd2406461756fcf09eb26a556ba44e3ff596438e50fc2e051ee24488,1763926360,1763926363,6514,51608,,
0xbc179016abee80ca0c4c09d4429f716387dfadba0ec47e57a7bd9b939325b554,1763926361,1763926363,6514,51596,,
0x10abddb970188b9b114e1935d741068c6425abbc5fe07962c536b34e852a9b56,1763926361,1763926363,6514,51608,,
0xb08593326259809018ed139c541da69b70a2dfd0bf62b55c47d98f31f8bb0ee2,1763926361,1763926363,6514,51608,,
0x4cd92b24910714eab6ef348f0e7780793b169ef4a8f89696d87dbe53d63538b3,1763926361,1763926363,6514,51608,,
0x8c030d7abefda0da2b9e25836cf5eed5738a19eb3dc56a863a06b04cee4ba83b,1763926362,1763926365,6515,51608,,
0x85443158af4bbc5fad1821d62762ecc97e9d1df5957f64506aa53a7a68582df8,1763926362,1763926365,6515,51608,,
0xabbbc9b68a75028a93630b89895ca29a38869c32cf2f397f767b99b54396e629,1763926362,1763926365,6515,51608,,
0xf0a19c4669961e708d27b1ab9a9eaf326f0f0552151238e300e1eba5a6371d8d,1763926362,1763926365,6515,51608,,
0xc6ee05cec1ea3d8f7125ea794866973abb3f5ae564cd95c424c6e5397b1f957f,1763926363,1763926365,6515,51608,,
0x2b1e3c8ee001ae858ae926566facc3dd8538cd9f20fdcc657d0e2aa39136c7a2,1763926363,1763926365,6515,51608,,
0x6140375b242ae923cb46b228ae3a1f25fc7e30b8187fbac41fa2c17e91b71a07,1763926363,1763926365,6515,51608,,
0xd0cabb5609490406662b2266193ee247f73de461819c8f572cc2c42227844d61,1763926363,1763926365,6515,51608,,
0xf6ef0db66d3d3bbd9c94dc530a1e74afde5ff44deca7fded10aab6862e8c9362,1763926364,1763926367,6516,51608,,
0x7430e11e1d013c666c7efd060b36b523d0cc5c46dcc211fabef037fe45a1db05,1763926364,1763926367,6516,51596,,
0x9008b1c533d74b9cba755edb971598b2d878a88a515ed7f48b8ffc8936146bf0,1763926364,1763926367,6516,51608,,
0xa649cd0de30b753c2ea8e7db5d178d9a14ae381290b48fb9d44d52c175ca9f69,1763926364,1763926367,6516,51608,,
0x7a22527c0ad7186dd91b3c889ecc16456aebdc2c211bfe32efa9a31ee0f55fcc,1763926365,1763926367,6516,51608,,
0x818723ef702888cea228eec97ea18778b6290ed6aadcd9ee1eb133b9fbb9547a,1763926365,1763926367,6516,51608,,
0x06dffdbf6acc2bb3de48cf48c9b70b60dcf5afab0b576ca39e9ee069bce8e5c2,1763926365,1763926367,6516,51608,,
0x329dffbca9abcdb5966d8bfcf916e4c292237fda500a0f131350c5369578d0e1,1763926365,1763926367,6516,51608,,
0x016f09b292ffb10646a63b9116a3e3f3977c57923154badc217d19c3a92f0743,1763926366,1763926369,6517,51608,,
0x998c080a081ccf9b120cb288a31791995c38268edfea5db9a95bc646b1226cbb,1763926366,1763926369,6517,51608,,
0xe599ccaca67513685a485f395902dc4b8279db013b896a90b96ab4b10186841a,1763926366,1763926369,6517,51608,,
0xac64657c83d0db925b2ed641fce6df994cd79b7be5ba741a053ccf21a8511eb9,1763926366,1763926369,6517,51608,,
0x4924a4af4e7cec51516e250602f225c3bdadea8604d60e68d280d18a814213c4,1763926367,1763926369,6517,51608,,
0x043e44372dc2737fd444e517f025bba516e7fb32e27d14829c3fbba0c7689bd8,1763926367,1763926369,6517,51608,,
0x9cd0d5b80a0d18993696f3a1dfde355b2520d7ea960ce90f618d7d9989f355c0,1763926367,1763926369,6517,51608,,
0x87286b863da2d6165d00428014299bf3850b9b049e59fcbfb9f5b532c619bd81,1763926367,1763926369,6517,51608,,
0xf9dadc0537309c1f6e58087d52d50a7e926dd75b64ccfa9ae0ab6206a6668e4b,1763926368,1763926371,6518,51608,,
0x5822205595329b25b395b50f04283f5db01cc81a4c3d1c20b8ee0f948b4b44a6,1763926368,1763926371,6518,51596,,
0x414a691d394abe9d0fc596778d6d1fc8d348f56d49614dfb41ae329df6b611fb,1763926368,1763926371,6518,51608,,
0x358f4c23948334a526fdf7aac79c6d7de04b47fa53183dd21fda165ecaefd18f,1763926368,1763926371,6518,51608,,
0xbf84ed08db31b41e7bd990b0749d124bbf0866412281d00133491759877d0506,1763926369,1763926371,6518,51608,,
0xce7902c6cd16654b89a8244e46cc796ebbbbd96faf5704a2903a0aed1990e89b,1763926369,1763926371,6518,51608,,
0xc39232f427b912ae01054dd15bc6712a4bcc41cc0ba5689269edec0f3c7451b2,1763926369,1763926371,6518,51608,,
0x5dd869fc7b4e9692916e95c03e8803c9e7deab43c693f20de64b367b91d6f2ed,1763926369,1763926371,6518,51608,,
0xa11587d6191e0b11e7e15f0d2a87bf83c8d4690d43b714e6ab65a7a79241e0d4,1763926370,1763926373,6519,51608,,
0xd2f30bec8f1746db74720a80906d194a1aad90cf0d10e145346505a33bb41d88,1763926370,1763926373,6519,51608,,
0xa3434b5aa524db7411f88678672f73c77c5ee84c49021ace1a9a511c652a24f9,1763926370,1763926373,6519,51608,,
0x2994fa9ab787be9a35730adaebc633844020ddf565a475ecfb18428d4fdf6536,1763926370,1763926373,6519,51608,,
0xfe1be40d9b4a150bbdf069b4f3650dd2eee95fefd2a8dd3ebd0668e671906069,1763926371,1763926373,6519,51608,,
0xf855b50a959975ea3df3e97d43fc3bfcf02dddb264f31a1d91e6bcf84e6aee75,1763926371,1763926373,6519,51608,,
0xbf5439c9e398a5ee6debb252f98b91a5bee41a1e961fe900f1ecc78b4df9bcca,1763926371,1763926373,6519,51608,,
0x420043522027d4dc9cc4ead5ba94ec4292d17b2dafbd96c8cae035194d5814bc,1763926371,1763926373,6519,51608,,
0x29683143742284f7f4f6a11257bcd8535e146988be9e9da0bfe6b4486679a397,1763926372,1763926375,6520,51608,,
0x44d67dced52e24befb0138ee1fac631aabbb26aec97d2ff9ba04b0ad24f4542d,1763926372,1763926375,6520,51608,,
0x28f0a3f887ddee1d489f4a05861378d4bae5df897acd41207f3557fcfffe5108,1763926372,1763926375,6520,51608,,
0x6653012fefdefc57b16381429f771305019d8a9cf1b943080b020a98a2db55bb,1763926372,1763926375,6520,51608,,
0x43935f24b3fcc4531d4c5f2046b8b524d54e06698332e71b891047bc20d44069,1763926373,1763926375,6520,51608,,
0x277d61682bfb946a43e11edbb6a453424ff0631cb5fc510b85590bc94a6a860b,1763926373,1763926375,6520,51608,,
0x14246122fabecb43160769218189c9957271f644c2880877ee670e18da82b907,1763926373,1763926375,6520,51608,,
0x7379b5fd7cc11dbb60b9cc04758f4656b1039dbbf879691e7b75202e93fe7aef,1763926373,1763926375,6520,51608,,
0x64abf72a058bc238c2088538a28b766fe6ef9e415ccdf7562122e42e4e663fc1,1763926374,1763926377,6521,51608,,
0xadd58305546b4db2850526bfe643078fa575f56b9313b9e3bf9dc24b39322fdf,1763926374,1763926377,6521,51608,,
0x90b8432458c110976169ca8eb992c43494c1a6dd111905153275171b96cd6351,1763926374,1763926377,6521,51608,,
0x69383c52b3cc7aaab6fd7e0d0a4f159c0086858489b08ed5eb40a22ccaed91e8,1763926374,1763926377,6521,51608,,
0x1398bc8de541f94d9b45020789242e5ddd74be411bdd3715b82993f6e7a97a1a,1763926375,1763926377,6521,51608,,
0x86956829854102bab187fcb7a8d69cfa79bf6de7572e5e2f5d256d6df1cb6a66,1763926375,1763926377,6521,51608,,
0x6bc9296eb225aa9c1a902e214a9a0a9fa65de002a669b80f37a888557f699f0e,1763926375,1763926377,6521,51608,,
0x0a0814e6a2ae3bd6b5b57b2d99000c6e7ed0f7a68e028b5932efb25a62f69a16,1763926375,1763926377,6521,51608,,
0x9bf2534a0e6ad6f4743909e8c8fe2e80d5d20abd09cb30b695163a1a06eb11e0,1763926376,1763926379,6522,51608,,
0x2f170e6c1025269e0ad498c388b579ea6f9067b4df51653cb9cc522c66e130bb,1763926376,1763926379,6522,51608,,
0x9d25f8d4ca22761e40bea31d1218ac30e6a2b6cd3ebf19b7f7ffb5ece8e7057d,1763926376,1763926379,6522,51584,,
0xa44dc9348edb1be846be0bee4e70f3f126881a9ea825ae48d8ad3e48097b3f66,1763926376,1763926379,6522,51608,,
0xf1da1242f78a8c1d9d7089a7c1da8cc9ab44d5509a81ecdb6dbe33b713ee60a1,1763926377,1763926379,6522,51608,,
0x63155e8481fe95f4031978abe5e850f86ca1091a64afbdc1af3f203dbff06a1b,1763926377,1763926379,6522,51608,,
0x649eaa3a64298d050104668e8cbccfc345b75facd519abc4b1d34ec0dd2e84db,1763926377,1763926379,6522,51608,,
0x81d4fc9e8d7dbaf12c9fe5b1fee17d1048854b53f054b0a8b1ea3bdd24ebca7f,1763926377,1763926379,6522,51608,,
0xb9ac94c1a7e2197ce3fc2493ae0678136db7da05acb4c9c16af5c7017be6406b,1763926378,1763926381,6523,51608,,
0x6bd6f09bdcb5f89f4630a80f611b4215d68b655583b1b6c599c11ad16ca44046,1763926378,1763926381,6523,51596,,
0x2baa7033eec8c71e54365d7282c796786e8e7297b5fa81b058b64c192c7c48c3,1763926378,1763926381,6523,51608,,
0x388f280108f356e5871d450e5f66116ebbaa0efc030b7b9eb53f5096426a919d,1763926378,1763926381,6523,51596,,
0x6720e906d21845b3adbf14ba3835393ac72f4f1b2612e931bf22e3923c750a76,1763926379,1763926381,6523,51596,,
0xc6ba831377e64a63f4824020ed2811d044b871ebf546ee0167b8aaf3e5d97267,1763926379,1763926381,6523,51608,,
0x969d4a654f9561e0e0ca78ffeebe904ee44e57aac8fdd213b0093b23ef03b963,1763926379,1763926381,6523,51608,,
0x82767377bdc4431ce096b7e58a89ef269040f5eec4c3e2f83bb07ca39e48f0be,1763926379,1763926381,6523,51608,,
0x917847a3a220cec83170dcf62144b7618e63d4457ae8267d82cce455097dbe28,1763926380,1763926383,6524,51608,,
0x7a452081b04ab3838b318a841662f0be7d37f29a625ace36c4d53965ed05cf76,1763926380,1763926383,6524,51608,,
0xb92895ce19d76f42c3e44d707586a5140526e1fe0878b1345fc2a8f63e7cac7d,1763926380,1763926383,6524,51608,,
0x464d16c9e8feb5c329373b3c7cf58c4cdef31a068b3e0430e4f66ac56cd5ce0d,1763926380,1763926383,6524,51608,,
0xc2d6913206ebec8138ad8f33b215cfaab4d78a8f57f5e9e9bc4bc1217d62fd9b,1763926381,1763926383,6524,51608,,
0xa4b522489612a43dd19af384f5a51fe31e62f4c3e4a75a4ca2750e37e6a98ad8,1763926381,1763926383,6524,51608,,
0x3e77903811fbd6cd1a99f4f466593d61cd3aff513b656363947b1df884b799ef,1763926381,1763926383,6524,51608,,
0x2d7ab144a1a4ed58b3b4b0cddd83d4f051bb7b47394796a23464a64af5853fd3,1763926381,1763926383,6524,51608,,
0x12a81eeec4220ea95212615dcb7b9db0db5ebeffd2a4bb5c2ceb19c1eabb7377,1763926382,1763926385,6525,51608,,
0x7daa67646f961d6ec48cc5d7c95e717a381648c7c66219f6b740aa8baad27352,1763926382,1763926385,6525,51608,,
0xc12fbdcdd2fd4378da962bbd16547ce2b51317fe775573b523cc02de41f3aad6,1763926382,1763926385,6525,51608,,
0x40cea3ffc502eb31d81887962e7893339998ff0a4fa38ff01d000c6275c771d3,1763926382,1763926385,6525,51608,,
0x30982b6304119bf85e16bf49bf8ef204e7b9c320c25ec55adfe22c8369ee3a32,1763926383,1763926385,6525,51608,,
0x5d3325edf55b0206283f998266da5f0d4efba9a47531359a474dbfb22459d837,1763926383,1763926385,6525,51608,,
0xcac3615995eab136f43bc7b04d551f3239d73269a35039c3ccbea6c5a6d9d6b7,1763926383,1763926385,6525,51608,,
0x6103b73328a2b89902c62dfc7845dc68a37423592585a063f8f20aa9f32f9aed,1763926383,1763926385,6525,51608,,
0x8a0c66c590e57c6d0a8433841fd12f428611c952ac7c937ab04c0b2b97c2017d,1763926384,1763926387,6526,51608,,
0x60a33bba9f05639afea66e50e83e6169e47ccb0ccab1b49f74097bea97676d8d,1763926384,1763926387,6526,51608,,
0x872c5e5b04980bbc70ce6d827b1177c2425a8d5a2c73649757e2a340a9813c3c,1763926384,1763926387,6526,51608,,
0x003439c7127c130717354817af25c77571ad019cf37d144841d33dba9dea9f05,1763926384,1763926387,6526,51608,,
0x658652ebd1448ea31fbc0191f399419280c01a3b2b3d672da96925b7bf974bf9,1763926385,1763926387,6526,51608,,
0x3202a52bd74c7407bb94fc824c59c203317777375908720826812d7607eca659,1763926385,1763926387,6526,51608,,
0x2767221a379d1f501eb4ada487958af137a58a0fb5bfaef97ea3cd478a53838a,1763926385,1763926387,6526,51608,,
0x223a9f613ea9be713e19ed6c8e33e21a1a20ebf90443ead3fc4aab11e4e2f8ba,1763926385,1763926387,6526,51608,,
0x1ecec04278249718827680841899e4064bd29938f2ed4736e2280d84cd05721a,1763926386,1763926389,6527,51608,,
0xa5014fc3e181804966f67f43d2a6f08113be1b641917be18e570a8ed04c934cd,1763926386,1763926389,6527,51608,,
0x108f3ba29ab2c1ffdcc2f30bc986070113d9b9ff647b09611ee45c20cf8526c9,1763926386,1763926389,6527,51608,,
0xbab47b9326426be8c6b85eed37bbaefc5e40d2d40f01b240e218b5ed4a2ddc5e,1763926386,1763926389,6527,51608,,
0x5c3b49fe1dde82fd37b6bac86d05c271129fc881738bd17f6b66431f9a6b7c93,1763926387,1763926389,6527,51608,,
0xbc993572f5e4b8544a67335b51309e35f010c7de8da051f845557f8a43a70116,1763926387,1763926389,6527,51608,,
0xddee5386555058da3cf1c9180f9103bd6269c3a0d9df2a5a49d1878fc7da0c4f,1763926387,1763926389,6527,51608,,
0x8097d636c48adf048f27d40df4ebd7d6d91ae8920ff18f8d5f8c44771d9a212c,1763926387,1763926389,6527,51608,,
0xb378eadf72f8df54078b328f364ecabd9e16940286168d816767188fa367e82b,1763926388,1763926391,6528,51608,,
0xcfe5cdbc5081659e2926f62f716b56a0dcc095ac74434f9bd88ebd65657905c7,1763926388,1763926391,6528,51608,,
0x0cf647b23ffbdc56c92febd5f5c1eb8962b610c62fec7e47c0a654b9f2e89605,1763926388,1763926391,6528,51608,,
0xb1de29c71d80a0d44c1fbf4489b72fed36c15e6647e6d147ec87c68eb3a73802,1763926388,1763926391,6528,51608,,
0x22f9eb304d82683f74577956732e0fb726af7317fc4f3eb3e8b8135a65d89f6b,1763926389,1763926391,6528,51608,,
0x7985dd1d37c454d3967d41a17da23427af9419d6e0061254caa5c312fd701451,1763926389,1763926391,6528,51608,,
0x5547119bc463a0a25b7294d8a5a1c777bbcd8c12391d0ed79bdba4bef322333a,1763926389,1763926391,6528,51608,,
0xf1298d10b4899ecdfcf6a41f2090fffed4764d09d65a1088af0a461a89c9a650,1763926389,1763926391,6528,51608,,
0xdbcf422eb2c6a4e18211544e721138f094874ca3c511b25a33801c2874c71411,1763926390,1763926393,6529,51608,,
0x0f6b96315dcc4ec5b6221dc6d5f0a461e6d53dd0cda1f2aff68174bea2a7e480,1763926390,1763926393,6529,51608,,
0xc2d22d566d56fcfcba69a3ffdd2f1bbd3d8e058681610ca4c464e357975f6824,1763926390,1763926393,6529,51608,,
0x87e28154f425bfc2797bfd78bf044414e9aefde5f02800a50ea3303c59dafe98,1763926390,1763926393,6529,51608,,
0xac988edd31aed771fc00b2d3268851cf3f23b08a0e174b7395770e8c24b7e1d4,1763926391,1763926393,6529,51608,,
0x6339a8deedf47b162b9335d277ead7e70103351068b9adb0720c0dd1bf67296a,1763926391,1763926393,6529,51608,,
0xc07ca8f0825f16cd16d8538716eb4eb50f9d6982af8bf7d72b334c3c7fe0fa27,1763926391,1763926393,6529,51608,,
0x1ebc628799172b7ebf1672c5174313e4d527cbdd9460caca4365491d4d984d4e,1763926391,1763926393,6529,51608,,
0x7f8f080b1722e54f155779f5fbcfe7e7c396034b106c54ff9e1efb125abbb2f0,1763926392,1763926395,6530,51608,,
0xd4105ec29f7d4d4ecc8d344ef513842ce043a96dc075c8f77d4a8dbca3852ce3,1763926392,1763926395,6530,51608,,
0x6e49b67ba787e304b8b41f220a71b4c282ce24defeb05757b726fe029709a2e2,1763926392,1763926395,6530,51608,,
0x51a3ebd7e0449d8b42126c01256cea291990779946c147ab3c62f605ce4b70e0,1763926393,1763926395,6530,51608,,
0x9b7eb5a8407de4a456e9229a331f5d9e08028ac3570b3ce3d9dc50a9a66d40b0,1763926393,1763926395,6530,51608,,
0xca0240300875bc008dad73ea2f905b3ee54d319f121b6bf4f9739b2d945cea79,1763926393,1763926395,6530,51608,,
0xd8697e315839540e56c08f737df4e4b0de7705e94227ddc46c350b47598eb3cb,1763926393,1763926395,6530,51608,,
0x222b8d9f41847f794d7cd440fc1bbbcce800e08a65412912d41a141e0c690148,1763926393,1763926395,6530,51608,,
0x1b698b90c5672cc67ede0cf73f3084a85853c9ca861e1ef60597ab8fdd846b9d,1763926394,1763926397,6531,51596,,
0xccc48545a9e9df44ebfdfd10737edacb9e01a63782d609f7d385305470751a40,1763926394,1763926397,6531,51608,,
0xd8a7f68c27be4b2fafe2a1533951ebee1b51f439078cf02b5ae05a924f4c335c,1763926394,1763926397,6531,51608,,
0xb53eeaec9ac76bb5127bc6be500718b17cd1a01903befd3ed8f4150e24b1dca7,1763926395,1763926397,6531,51608,,
0x01487a4c38c5102dd52fa040d1527f0fda19f61804c1ce13779169f4174f364f,1763926395,1763926397,6531,51608,,
0x8f27d9ab819ee281b3ef8f8747cae7802d566f228c1006a4432338cb530374f4,1763926395,1763926397,6531,51608,,
0xd814864eff548250711da19fb1e2cf366e01c8d706f623f56279d9dc4eb6d958,1763926395,1763926397,6531,51608,,
0xb95a01050a18347f93ca18e088cd3c0fb5adb52628fbfb30d101a2a1c64e9dd4,1763926395,1763926397,6531,51608,,
0xcd76c21e188aa384bebbe1df669b03074ff6fd31f2a0365f166652dcbc318f9b,1763926396,1763926399,6532,51608,,
0x4504f38a0c72d6d493c32be70e9eacccca8b96c7c686cfb6c34b651f82a8bd81,1763926396,1763926399,6532,51608,,
0x096ab7d5fdd2b468a139c485eddad476b83d9e004067c67ad268deaca1b1dd2e,1763926396,1763926399,6532,51608,,
0x8ba180e2a4a099108da9ccaf5543f007953e1276e862e6ef495692890bb10622,1763926397,1763926399,6532,51608,,
0x2f1c2443834204820b211fe96a4d5b14f73af21f34c74387a0512db5282dcc07,1763926397,1763926399,6532,51608,,
0x76f7e3a602f461e03e30f9b28e0777f44c6e2f871cc055d66becc33916c6bd30,1763926397,1763926399,6532,51608,,
0x0ad9ebdb47f6db70fa68ebfdd4cf710e1e8b03f912b0216c89365ce19f902596,1763926397,1763926399,6532,51608,,
0xf42f139c835e93c39acabe137cd9184c65fccfb8b02bd76361f90452f161ee8d,1763926397,1763926399,6532,51608,,
0x5a5fb42110ac23ce377239d79a1a272fe15ebacc23da87b9d016a9b8fe2155a6,1763926398,1763926401,6533,51608,,
0x3aab46fd933426c1fc710db7be7ac6e797adf87e39dff2f027c31cad57d566f0,1763926398,1763926401,6533,51608,,
0x6adefd0fab57902e03b5d7f65bce886a92327e1dc488fa7f05ac620fd0c3574b,1763926398,1763926401,6533,51608,,
0x571522e2f0cec35d2ec2d7597372caeb07864abf498654244a1cfe9b3079ac85,1763926399,1763926401,6533,51608,,
0xb9c6b1ad1947a5e3ac753645feaaa7e19b5ff2c50d3e44a17fddd35de2d3e995,1763926399,1763926401,6533,51608,,
0xf2dc0b2e0d434877e96ca536311b291b33ccbb6d7231037085f3c8fd980c74bb,1763926399,1763926401,6533,51608,,
0x5c212504846adff6c4d9c0b9f4452d2787cbb368270fc12aeca1b27181756acf,1763926399,1763926401,6533,51596,,
0x27db70524c73bc4879cf9991c2b66f9d99020341788b07d97cb1a757141a6ff2,1763926399,1763926401,6533,51608,,
0xbd2fcc5f9f87239e06b580271a47938b9bbb3e0efeabd032bc004845df091846,1763926400,1763926403,6534,51608,,
0x7219e0a05f7a77f9424675bd2a6e87937e73d218bd29387a75377aee39433807,1763926400,1763926403,6534,51608,,
0xc83f60102966e9d1a5b080bd46cfe22d8e721c374ebce6722e2aa2ceb99e5593,1763926400,1763926403,6534,51608,,
0xee5958e3295229bb6f2865e88f0bd5e0123fb162398d6aa93edb1d39b5d8046b,1763926401,1763926403,6534,51608,,
0x78577b25fb66925bcd73ed561a33cc3e142e4eb6887ee3e11e55d3e697162bc2,1763926401,1763926403,6534,51608,,
0x69054f36ad60db0afad922c6e9cb009f0b73b8d968f71254f1ec75497820f720,1763926401,1763926403,6534,51596,,
0x7c79bda3e8b46d96adf0e86154583729417f4cc5ee7cf128a355ebb8e747227a,1763926401,1763926403,6534,51608,,
0x85c20f1551537584d85429e3b36c7802f2379a512977fb0bd05f301bb8cb5cb6,1763926401,1763926403,6534,51608,,
0x01b61770ea37a885cd4ec305406dd7e8b973b50d2fd2655786604b79c9a3254d,1763926402,1763926405,6535,51596,,
0xa52aa9ce9678000c950c7538ef2ad022aa704073d481a36fc083eb3ba9485e7d,1763926402,1763926405,6535,51608,,
0x99ea97c1e2eab901b9f023d3d3351d372a1dc9e87f0d625bc45316aadae0df93,1763926402,1763926405,6535,51608,,
0x821e90eed5fb3ece514731f7ca0588c643e03e22bb23714896b30bbbc0ad4aec,1763926403,1763926405,6535,51608,,
0x3f4244f749fa70ff716aa2fbc54458deb0ca79bf12053e2a6d4aeedfd07077f2,1763926403,1763926405,6535,51596,,
0x6dde48f47ed9f19f4a9395f6c853d4cfaa0119fe3159abbfefa89fec3ac62662,1763926403,1763926405,6535,51608,,
0xe84517f795965c72b26439446ba913f21bdac7688857e64c2f69deff807532da,1763926403,1763926405,6535,51608,,
0x356effbbf305baa7e64a65f89973baa148befbaf555469674468e22b9733d02d,1763926403,1763926405,6535,51608,,
0xd0d15334aeb5c5142dd40dea06635080506da5ce9603510eebeee6b5f668b322,1763926404,1763926407,6536,51608,,
0xc32d85d505d14c0bdc68e5514b32da1d72b8f11c0494db8ba47163478a632130,1763926404,1763926407,6536,51608,,
0x095adebb194224c5ca896e7a4b31cfd5294d39d0dd45607b514ec988dffe567b,1763926404,1763926407,6536,51608,,
0xf773fe5c1965fc98e8bedbcdbe59748ce69c8815110bf228311056895fecd7e0,1763926405,1763926407,6536,51608,,
0xd51bfb2ac5723ed18b042f9d24179b090aa43c9be7682750f87473bbb21e10b3,1763926405,1763926407,6536,51608,,
0x1c7a3646129293c275ff5b9ff435ec5630a7ecee87b0a47126cafd428922dcdc,1763926405,1763926407,6536,51608,,
0x50842a331e65c332005bc1ae20c4c6703f88cf01a9f937c67ce148b4ee4981f7,1763926405,1763926407,6536,51608,,
0x40ac23d91d8096347d38bd8220634d4e79cc361427fddbf450d5cf767861603a,1763926405,1763926407,6536,51608,,
0x72af943308965e5753697e1bcf9e68b4f30041ff16af1d3fceb982f96a136854,1763926406,1763926409,6537,51596,,
0x4bbb009b6c19133061358b695b773967ce38e8fbe2efc594dc5589a5431b2eba,1763926406,1763926409,6537,51608,,
0x5a3a9dada84edc374b5069e1ed3487c3bc5f102d35ad2bbd5c659933b9b340b8,1763926406,1763926409,6537,51608,,
0xa4b689d8f33fb01aaf146d4ceece83d0e7843fed557783fd69a8eb73e1b48656,1763926407,1763926409,6537,51608,,
0x5db8beffb995a00cb2af503b2f07cea5ff95b9ed0130e4f0603490a265b64744,1763926407,1763926409,6537,51608,,
0xd49c8d1166d123986b8117153a5423384b3ba9015dae6e59b20465c42b3de0f8,1763926407,1763926409,6537,51608,,
0xb3f4fbca8f8ba096967a919a70d846bd11530e7f1539c898ba01573424175e66,1763926407,1763926409,6537,51608,,
0x087a28d21528177b16eae0ffd922c0f3a2ae00a782f2f0537c3cab752a67715d,1763926407,1763926409,6537,51608,,
0x5b3a04b8235bb3ab6502f4b92164202d70c20a7cb9fde21c9bf04cd102fe608e,1763926408,1763926411,6538,51608,,
0x146464ddc47aaf0c9105624e33fb7b6c9fb026275b3da04651658881a8503255,1763926408,1763926411,6538,51608,,
0xdc3332802378b42b0a38ca20fa8f96820771b18f3f16226e8a2b9c2df7543987,1763926408,1763926411,6538,51596,,
0x1279fc28865f998a88cdef36e7c0dc57228cd8ceae9e366bfd8f09c62e04a50c,1763926409,1763926411,6538,51596,,
0xf8b8db9f0757a71f9d0678db0b28370b71271a63328fb42c726a0b65d79ff489,1763926409,1763926411,6538,51608,,
0x9e115c165727f003fc23d05b73dcea2e9ea639ed5c60b526f7cffad4c68f0af1,1763926409,1763926411,6538,51608,,
0x721e4b9c2c4cd7b6b25eaf0235203f7e7cb357a6ec01b1f1b1357071d8331277,1763926409,1763926411,6538,51608,,
0xcf5ec1845e2712729e5effd76c3b9ff18175e907e8692119b4ac816ec61c7864,1763926409,1763926411,6538,51608,,
0x4bd9a67c8e82e350beb0b883bff1a43c295a1fd12fad98156f45d854647f4462,1763926410,1763926413,6539,51608,,
0xbe6b86fe8fdf0952ce791531f8b25a67877572a5432b7de818f6036acbc52e7f,1763926410,1763926413,6539,51608,,
0x753af5fdc6a8890601620ef1486ad8a7e7519b29f2ecab94f64fb1480093a95d,1763926410,1763926413,6539,51608,,
0x9f4292c2ffb1cdd684e75824ab1d2f17b865423a0cea03f5c02072e9dadccbb3,1763926411,1763926413,6539,51608,,
0xdccfda94dcc4b4c5307f470c7975f5fceebcf38bb8c0ef960c75341497a11f83,1763926411,1763926413,6539,51608,,
0xdc7fbad89d00966b206c4ed4098e8a3960ee33c392a4f3291cdef712400e50ec,1763926411,1763926413,6539,51608,,
0xec9de2a49feccbd7a6f7785898b46877bbfee4d973eda7b332ec30f30b676445,1763926411,1763926413,6539,51608,,
0x161c47170122b7f699e61a5b122163a40f5028bc1151c09ad6251d948377625b,1763926411,1763926413,6539,51608,,
